engine,track,id,seconds,n_tokens,page_error,meta_book,meta_lang,cer_dip,cer,wer,cer_edits,ref_chars,bow_recall,bow_precision,over_extraction,len_ratio,empty,loop,meta_category,tests_total,tests_passed,test_results,meta_layout,meta_level
deepseek-ocr2,books,birdsofgreatbrit02butl_0308_full,162.19473625750015,491.0,False,birdsofgreatbrit02butl,en,0.1978082191780822,0.19112814895947425,0.2225609756097561,349.0,1826.0,0.7863501483679525,0.9814814814814815,0.018518518518518517,0.812157721796276,False,False,,,,,,
deepseek-ocr2,books,conchologiaiconi05reev_0039_full,162.19473625750015,6144.0,False,conchologiaiconi05reev,en,2.4048346055979644,2.4078411405295315,3.583187390542907,9458.0,3928.0,0.011965811965811967,0.00341796875,0.99658203125,2.579175152749491,False,True,,,,,,
deepseek-ocr2,books,daschitinskelett00prel_0037_full,162.19473625750015,1091.0,False,daschitinskelett00prel,de,0.020058062813407232,0.021197668256491786,0.1621129326047359,80.0,3774.0,0.9616788321167883,0.8625204582651391,0.13747954173486088,1.0193428722840487,False,False,,,,,,
deepseek-ocr2,books,histoirenaturell10cuvi_0425_full,162.19473625750015,482.0,False,histoirenaturell10cuvi,fr,0.030398986700443317,0.014631043256997456,0.021660649819494584,23.0,1572.0,0.9795918367346939,0.9896907216494846,0.010309278350515464,0.9885496183206107,False,False,,,,,,
granite-docling,books,birdsofgreatbrit02butl_0308_full,4.854787308750019,769.0,False,birdsofgreatbrit02butl,en,0.14849315068493152,0.13964950711938665,0.15853658536585366,255.0,1826.0,0.9821958456973294,0.8733509234828496,0.1266490765171504,1.1073384446878423,False,False,,,,,,
granite-docling,books,conchologiaiconi05reev_0039_full,4.854787308750019,1607.0,False,conchologiaiconi05reev,en,0.07048346055979644,0.06109979633401222,0.15411558669001751,240.0,3928.0,0.9008547008547009,0.9086206896551724,0.09137931034482759,0.9862525458248472,False,False,,,,,,
granite-docling,books,daschitinskelett00prel_0037_full,4.854787308750019,1256.0,False,daschitinskelett00prel,de,0.02507257851675904,0.02066772655007949,0.1384335154826958,78.0,3774.0,0.958029197080292,0.8793969849246231,0.12060301507537688,1.0079491255961843,False,False,,,,,,
granite-docling,books,histoirenaturell10cuvi_0425_full,4.854787308750019,605.0,False,histoirenaturell10cuvi,fr,0.03609879670677644,0.01717557251908397,0.02527075812274368,27.0,1572.0,0.9761904761904762,0.9896551724137931,0.010344827586206896,0.9847328244274809,False,False,,,,,,
granite-docling,docs,headers_footers__ba10222e40f05d76e2bf1d51c39066a4b1fe82ed_page_11,4.435297816399907,803.0,False,,,,,,,,,,,,False,,headers_footers,3.0,3.0,"[{""id"": ""ba10222e40f05d76e2bf1d51c39066a4b1fe82ed_page_11_header_00"", ""type"": ""absent"", ""passed"": true, ""category"": ""headers_footers""}, {""id"": ""ba10222e40f05d76e2bf1d51c39066a4b1fe82ed_page_11.pdf_manual_00"", ""type"": ""absent"", ""passed"": true, ""category"": ""headers_footers""}, {""id"": ""auto_baseline"", ""type"": ""baseline"", ""passed"": true, ""category"": ""baseline""}]",,
granite-docling,docs,long_tiny_text__17_pg2_pg1,4.435297816399907,1368.0,False,,,,,,,,,,,,False,,long_tiny_text,40.0,37.0,"[{""id"": ""17_pg2_pg1_text_00"", ""type"": ""present"", ""passed"": true, ""category"": ""long_tiny_text""}, {""id"": ""17_pg2_pg1_text_01"", ""type"": ""present"", ""passed"": true, ""category"": ""long_tiny_text""}, {""id"": ""17_pg2_pg1_text_02"", ""type"": ""present"", ""passed"": true, ""category"": ""long_tiny_text""}, {""id"": ""17_pg2_pg1_text_03"", ""type"": ""present"", ""passed"": true, ""category"": ""long_tiny_text""}, {""id"": ""17_pg2_pg1_text_04"", ""type"": ""present"", ""passed"": true, ""category"": ""long_tiny_text""}, {""id"": ""17_pg2_pg1_text_06"", ""type"": ""present"", ""passed"": true, ""category"": ""long_tiny_text""}, {""id"": ""17_pg2_pg1_text_07"", ""type"": ""present"", ""passed"": true, ""category"": ""long_tiny_text""}, {""id"": ""17_pg2_pg1_text_09"", ""type"": ""present"", ""passed"": true, ""category"": ""long_tiny_text""}, {""id"": ""17_pg2_pg1_text_10"", ""type"": ""present"", ""passed"": true, ""category"": ""long_tiny_text""}, {""id"": ""17_pg2_pg1_text_12"", ""type"": ""present"", ""passed"": true, ""category"": ""long_tiny_text""}, {""id"": ""17_pg2_pg1_text_13"", ""type"": ""present"", ""passed"": true, ""category"": ""long_tiny_text""}, {""id"": ""17_pg2_pg1_text_16"", ""type"": ""present"", ""passed"": true, ""category"": ""long_tiny_text""}, {""id"": ""17_pg2_pg1_text_17"", ""type"": ""present"", ""passed"": false, ""category"": ""long_tiny_text""}, {""id"": ""17_pg2_pg1_text_20"", ""type"": ""present"", ""passed"": true, ""category"": ""long_tiny_text""}, {""id"": ""17_pg2_pg1_text_23"", ""type"": ""present"", ""passed"": true, ""category"": ""long_tiny_text""}, {""id"": ""17_pg2_pg1_text_24"", ""type"": ""present"", ""passed"": true, ""category"": ""long_tiny_text""}, {""id"": ""17_pg2_pg1_text_25"", ""type"": ""present"", ""passed"": true, ""category"": ""long_tiny_text""}, {""id"": ""17_pg2_pg1_text_27"", ""type"": ""present"", ""passed"": true, ""category"": ""long_tiny_text""}, {""id"": ""17_pg2_pg1_text_28"", ""type"": ""present"", ""passed"": true, ""category"": ""long_tiny_text""}, {""id"": ""17_pg2_pg1_text_30"", ""type"": ""present"", ""passed"": true, ""category"": ""long_tiny_text""}, {""id"": ""17_pg2_pg1_text_31"", ""type"": ""present"", ""passed"": true, ""category"": ""long_tiny_text""}, {""id"": ""17_pg2_pg1_text_34"", ""type"": ""present"", ""passed"": true, ""category"": ""long_tiny_text""}, {""id"": ""17_pg2_pg1_text_37"", ""type"": ""present"", ""passed"": true, ""category"": ""long_tiny_text""}, {""id"": ""17_pg2_pg1_text_41"", ""type"": ""present"", ""passed"": true, ""category"": ""long_tiny_text""}, {""id"": ""17_pg2_pg1_text_43"", ""type"": ""present"", ""passed"": true, ""category"": ""long_tiny_text""}, {""id"": ""17_pg2_pg1_text_45"", ""type"": ""present"", ""passed"": true, ""category"": ""long_tiny_text""}, {""id"": ""17_pg2_pg1_text_49"", ""type"": ""present"", ""passed"": false, ""category"": ""long_tiny_text""}, {""id"": ""17_pg2_pg1_text_51"", ""type"": ""present"", ""passed"": true, ""category"": ""long_tiny_text""}, {""id"": ""17_pg2_pg1_text_56"", ""type"": ""present"", ""passed"": true, ""category"": ""long_tiny_text""}, {""id"": ""17_pg2_pg1_text_61"", ""type"": ""present"", ""passed"": true, ""category"": ""long_tiny_text""}, {""id"": ""17_pg2_pg1_text_65"", ""type"": ""present"", ""passed"": true, ""category"": ""long_tiny_text""}, {""id"": ""17_pg2_pg1_text_69"", ""type"": ""present"", ""passed"": true, ""category"": ""long_tiny_text""}, {""id"": ""17_pg2_pg1_text_74"", ""type"": ""present"", ""passed"": true, ""category"": ""long_tiny_text""}, {""id"": ""17_pg2_pg1_text_80"", ""type"": ""present"", ""passed"": true, ""category"": ""long_tiny_text""}, {""id"": ""17_pg2_pg1_text_83"", ""type"": ""present"", ""passed"": true, ""category"": ""long_tiny_text""}, {""id"": ""17_pg2_pg1_text_86"", ""type"": ""present"", ""passed"": true, ""category"": ""long_tiny_text""}, {""id"": ""17_pg2_pg1_text_88"", ""type"": ""present"", ""passed"": false, ""category"": ""long_tiny_text""}, {""id"": ""17_pg2_pg1_text_95"", ""type"": ""present"", ""passed"": true, ""category"": ""long_tiny_text""}, {""id"": ""17_pg2_pg1_text_97"", ""type"": ""present"", ""passed"": true, ""category"": ""long_tiny_text""}, {""id"": ""auto_baseline"", ""type"": ""baseline"", ""passed"": true, ""category"": ""baseline""}]",,
granite-docling,docs,multi_column__0114396ecb251aa3ebaeaeaed6bd4fe50bd2_page_2_pg1,4.435297816399907,1300.0,False,,,,,,,,,,,,False,,multi_column,6.0,6.0,"[{""id"": ""0114396ecb251aa3ebaeaeaed6bd4fe50bd2_page_2.pdf_order_e5d2d945"", ""type"": ""order"", ""passed"": true, ""category"": ""multi_column""}, {""id"": ""0114396ecb251aa3ebaeaeaed6bd4fe50bd2_page_2.pdf_order_6b2daa2b"", ""type"": ""order"", ""passed"": true, ""category"": ""multi_column""}, {""id"": ""0114396ecb251aa3ebaeaeaed6bd4fe50bd2_page_2.pdf_order_f61eafae"", ""type"": ""order"", ""passed"": true, ""category"": ""multi_column""}, {""id"": ""0114396ecb251aa3ebaeaeaed6bd4fe50bd2_page_2.pdf_order_40a2536e"", ""type"": ""order"", ""passed"": true, ""category"": ""multi_column""}, {""id"": ""0114396ecb251aa3ebaeaeaed6bd4fe50bd2_page_2.pdf_order_b8d41298"", ""type"": ""order"", ""passed"": true, ""category"": ""multi_column""}, {""id"": ""auto_baseline"", ""type"": ""baseline"", ""passed"": true, ""category"": ""baseline""}]",,
granite-docling,docs,old_scans__52,4.435297816399907,25.0,False,,,,,,,,,,,,False,,old_scans,4.0,1.0,"[{""id"": ""52_591542"", ""type"": ""present"", ""passed"": false, ""category"": ""old_scans""}, {""id"": ""52_323921"", ""type"": ""present"", ""passed"": false, ""category"": ""old_scans""}, {""id"": ""52_987017"", ""type"": ""present"", ""passed"": false, ""category"": ""old_scans""}, {""id"": ""auto_baseline"", ""type"": ""baseline"", ""passed"": true, ""category"": ""baseline""}]",,
granite-docling,docs,tables__b5d9db350b31304da912832bcbafc47b64d8_pg2_pg1,4.435297816399907,1763.0,False,,,,,,,,,,,,False,,table_tests,6.0,1.0,"[{""id"": ""b5d9db350b31304da912832bcbafc47b64d8_pg2_table_00"", ""type"": ""table"", ""passed"": false, ""category"": ""table_tests""}, {""id"": ""b5d9db350b31304da912832bcbafc47b64d8_pg2_table_01"", ""type"": ""table"", ""passed"": false, ""category"": ""table_tests""}, {""id"": ""b5d9db350b31304da912832bcbafc47b64d8_pg2_table_02"", ""type"": ""table"", ""passed"": false, ""category"": ""table_tests""}, {""id"": ""b5d9db350b31304da912832bcbafc47b64d8_pg2_table_03"", ""type"": ""table"", ""passed"": false, ""category"": ""table_tests""}, {""id"": ""b5d9db350b31304da912832bcbafc47b64d8_pg2_table_04"", ""type"": ""table"", ""passed"": false, ""category"": ""table_tests""}, {""id"": ""auto_baseline"", ""type"": ""baseline"", ""passed"": true, ""category"": ""baseline""}]",,
granite-docling,handwriting,iam_00030,0.3070755943332794,15.0,False,,,1.0,1.0,1.0,55.0,55.0,0.0,0.0,0.0,0.0,True,False,,,,,,
granite-docling,handwriting,iam_00143,0.3070755943332794,11.0,False,,,1.0,1.0,1.0,39.0,39.0,0.0,0.0,0.0,0.0,True,False,,,,,,
granite-docling,handwriting,iam_00371,0.3070755943332794,10.0,False,,,1.0,1.0,1.0,44.0,44.0,0.0,0.0,0.0,0.0,True,False,,,,,,
granite-docling,handwriting,iam_00478,0.3070755943332794,29.0,False,,,0.0,0.0,0.0,0.0,29.0,1.0,1.0,0.0,1.0,False,False,,,,,,
granite-docling,handwriting,iam_01805,0.3070755943332794,9.0,False,,,1.0,1.0,1.0,38.0,38.0,0.0,0.0,0.0,0.0,True,False,,,,,,
granite-docling,handwriting,iam_02384,0.3070755943332794,12.0,False,,,1.0,1.0,1.0,39.0,39.0,0.0,0.0,0.0,0.0,True,False,,,,,,
granite-docling,stress,syn000_prose__clean,2.872297868750138,669.0,False,,,0.0004576659038901602,0.00045829514207149406,0.002570694087403599,1.0,2182.0,0.9974811083123426,0.9974811083123426,0.0025188916876574307,1.0,False,False,,,,,prose,clean
granite-docling,stress,syn000_prose__dpi150,2.872297868750138,669.0,False,,,0.0004576659038901602,0.00045829514207149406,0.002570694087403599,1.0,2182.0,0.9974811083123426,0.9974811083123426,0.0025188916876574307,1.0,False,False,,,,,prose,dpi150
granite-docling,stress,syn000_prose__dpi75,2.872297868750138,670.0,False,,,0.0,0.0,0.0,0.0,2182.0,1.0,1.0,0.0,1.0,False,False,,,,,prose,dpi75
granite-docling,stress,syn000_prose__blur,2.872297868750138,665.0,False,,,0.004118993135011442,0.0032080659945004585,0.017994858611825194,7.0,2182.0,0.9974811083123426,0.9974811083123426,0.0025188916876574307,0.997250229147571,False,False,,,,,prose,blur
granite-docling,stress,syn000_prose__noise,2.872297868750138,668.0,False,,,0.0018306636155606408,0.0018331805682859762,0.010282776349614395,4.0,2182.0,1.0,1.0,0.0,0.998166819431714,False,False,,,,,prose,noise
granite-docling,stress,syn000_prose__rotate3,2.872297868750138,814.0,False,,,0.0013729977116704805,0.001374885426214482,0.005141388174807198,3.0,2182.0,0.9974811083123426,0.9974811083123426,0.0025188916876574307,1.000916590284143,False,False,,,,,prose,rotate3
granite-docling,stress,syn000_prose__rotate8,2.872297868750138,568.0,False,,,0.23752860411899313,0.23648029330889092,0.2570694087403599,516.0,2182.0,0.7934508816120907,0.9905660377358491,0.009433962264150943,0.8029330889092575,False,False,,,,,prose,rotate8
granite-docling,stress,syn000_prose__jpeg_q10,2.872297868750138,669.0,False,,,0.0013729977116704805,0.001374885426214482,0.007712082262210797,3.0,2182.0,0.9949622166246851,0.9974747474747475,0.0025252525252525255,0.9995417048579285,False,False,,,,,prose,jpeg_q10
granite-docling,stress,syn000_prose__low_contrast,3.888703453333316,669.0,False,,,0.0004576659038901602,0.00045829514207149406,0.002570694087403599,1.0,2182.0,0.9974811083123426,0.9974811083123426,0.0025188916876574307,1.0,False,False,,,,,prose,low_contrast
granite-docling,stress,syn000_prose__photocopy,3.888703453333316,669.0,False,,,0.003203661327231121,0.0032080659945004585,0.015424164524421594,7.0,2182.0,0.9924433249370277,0.9924433249370277,0.007556675062972292,0.9995417048579285,False,False,,,,,prose,photocopy
granite-docling,stress,syn000_prose__phone_photo,3.888703453333316,746.0,False,,,0.10389016018306636,0.10357470210815765,0.02056555269922879,226.0,2182.0,1.0,0.8841870824053452,0.11581291759465479,1.1035747021081577,False,False,,,,,prose,phone_photo
lightonocr2,books,birdsofgreatbrit02butl_0308_full,18.419237287250326,429.0,False,birdsofgreatbrit02butl,en,0.019726027397260273,0.012048192771084338,0.01524390243902439,22.0,1826.0,0.9851632047477745,0.996996996996997,0.003003003003003003,0.988499452354874,False,False,,,,,,
lightonocr2,books,conchologiaiconi05reev_0039_full,18.419237287250326,1172.0,False,conchologiaiconi05reev,en,0.021119592875318068,0.01120162932790224,0.07005253940455342,44.0,3928.0,0.935042735042735,0.935042735042735,0.06495726495726496,0.9989816700610998,False,False,,,,,,
lightonocr2,books,daschitinskelett00prel_0037_full,18.419237287250326,1130.0,False,daschitinskelett00prel,de,0.02058590657165479,0.01589825119236884,0.12750455373406194,60.0,3774.0,0.9762773722627737,0.8857615894039735,0.11423841059602649,1.0151033386327504,False,False,,,,,,
lightonocr2,books,histoirenaturell10cuvi_0425_full,18.419237287250326,464.0,False,histoirenaturell10cuvi,fr,0.03356554781507283,0.015267175572519083,0.01444043321299639,24.0,1572.0,0.9863945578231292,1.0,0.0,0.9847328244274809,False,False,,,,,,
lightonocr2,docs,headers_footers__ba10222e40f05d76e2bf1d51c39066a4b1fe82ed_page_11,20.701238564199958,1326.0,False,,,,,,,,,,,,False,,headers_footers,3.0,1.0,"[{""id"": ""ba10222e40f05d76e2bf1d51c39066a4b1fe82ed_page_11_header_00"", ""type"": ""absent"", ""passed"": false, ""category"": ""headers_footers""}, {""id"": ""ba10222e40f05d76e2bf1d51c39066a4b1fe82ed_page_11.pdf_manual_00"", ""type"": ""absent"", ""passed"": false, ""category"": ""headers_footers""}, {""id"": ""auto_baseline"", ""type"": ""baseline"", ""passed"": true, ""category"": ""baseline""}]",,
lightonocr2,docs,long_tiny_text__17_pg2_pg1,20.701238564199958,1284.0,False,,,,,,,,,,,,False,,long_tiny_text,40.0,39.0,"[{""id"": ""17_pg2_pg1_text_00"", ""type"": ""present"", ""passed"": true, ""category"": ""long_tiny_text""}, {""id"": ""17_pg2_pg1_text_01"", ""type"": ""present"", ""passed"": true, ""category"": ""long_tiny_text""}, {""id"": ""17_pg2_pg1_text_02"", ""type"": ""present"", ""passed"": true, ""category"": ""long_tiny_text""}, {""id"": ""17_pg2_pg1_text_03"", ""type"": ""present"", ""passed"": true, ""category"": ""long_tiny_text""}, {""id"": ""17_pg2_pg1_text_04"", ""type"": ""present"", ""passed"": true, ""category"": ""long_tiny_text""}, {""id"": ""17_pg2_pg1_text_06"", ""type"": ""present"", ""passed"": true, ""category"": ""long_tiny_text""}, {""id"": ""17_pg2_pg1_text_07"", ""type"": ""present"", ""passed"": true, ""category"": ""long_tiny_text""}, {""id"": ""17_pg2_pg1_text_09"", ""type"": ""present"", ""passed"": true, ""category"": ""long_tiny_text""}, {""id"": ""17_pg2_pg1_text_10"", ""type"": ""present"", ""passed"": true, ""category"": ""long_tiny_text""}, {""id"": ""17_pg2_pg1_text_12"", ""type"": ""present"", ""passed"": true, ""category"": ""long_tiny_text""}, {""id"": ""17_pg2_pg1_text_13"", ""type"": ""present"", ""passed"": true, ""category"": ""long_tiny_text""}, {""id"": ""17_pg2_pg1_text_16"", ""type"": ""present"", ""passed"": true, ""category"": ""long_tiny_text""}, {""id"": ""17_pg2_pg1_text_17"", ""type"": ""present"", ""passed"": false, ""category"": ""long_tiny_text""}, {""id"": ""17_pg2_pg1_text_20"", ""type"": ""present"", ""passed"": true, ""category"": ""long_tiny_text""}, {""id"": ""17_pg2_pg1_text_23"", ""type"": ""present"", ""passed"": true, ""category"": ""long_tiny_text""}, {""id"": ""17_pg2_pg1_text_24"", ""type"": ""present"", ""passed"": true, ""category"": ""long_tiny_text""}, {""id"": ""17_pg2_pg1_text_25"", ""type"": ""present"", ""passed"": true, ""category"": ""long_tiny_text""}, {""id"": ""17_pg2_pg1_text_27"", ""type"": ""present"", ""passed"": true, ""category"": ""long_tiny_text""}, {""id"": ""17_pg2_pg1_text_28"", ""type"": ""present"", ""passed"": true, ""category"": ""long_tiny_text""}, {""id"": ""17_pg2_pg1_text_30"", ""type"": ""present"", ""passed"": true, ""category"": ""long_tiny_text""}, {""id"": ""17_pg2_pg1_text_31"", ""type"": ""present"", ""passed"": true, ""category"": ""long_tiny_text""}, {""id"": ""17_pg2_pg1_text_34"", ""type"": ""present"", ""passed"": true, ""category"": ""long_tiny_text""}, {""id"": ""17_pg2_pg1_text_37"", ""type"": ""present"", ""passed"": true, ""category"": ""long_tiny_text""}, {""id"": ""17_pg2_pg1_text_41"", ""type"": ""present"", ""passed"": true, ""category"": ""long_tiny_text""}, {""id"": ""17_pg2_pg1_text_43"", ""type"": ""present"", ""passed"": true, ""category"": ""long_tiny_text""}, {""id"": ""17_pg2_pg1_text_45"", ""type"": ""present"", ""passed"": true, ""category"": ""long_tiny_text""}, {""id"": ""17_pg2_pg1_text_49"", ""type"": ""present"", ""passed"": true, ""category"": ""long_tiny_text""}, {""id"": ""17_pg2_pg1_text_51"", ""type"": ""present"", ""passed"": true, ""category"": ""long_tiny_text""}, {""id"": ""17_pg2_pg1_text_56"", ""type"": ""present"", ""passed"": true, ""category"": ""long_tiny_text""}, {""id"": ""17_pg2_pg1_text_61"", ""type"": ""present"", ""passed"": true, ""category"": ""long_tiny_text""}, {""id"": ""17_pg2_pg1_text_65"", ""type"": ""present"", ""passed"": true, ""category"": ""long_tiny_text""}, {""id"": ""17_pg2_pg1_text_69"", ""type"": ""present"", ""passed"": true, ""category"": ""long_tiny_text""}, {""id"": ""17_pg2_pg1_text_74"", ""type"": ""present"", ""passed"": true, ""category"": ""long_tiny_text""}, {""id"": ""17_pg2_pg1_text_80"", ""type"": ""present"", ""passed"": true, ""category"": ""long_tiny_text""}, {""id"": ""17_pg2_pg1_text_83"", ""type"": ""present"", ""passed"": true, ""category"": ""long_tiny_text""}, {""id"": ""17_pg2_pg1_text_86"", ""type"": ""present"", ""passed"": true, ""category"": ""long_tiny_text""}, {""id"": ""17_pg2_pg1_text_88"", ""type"": ""present"", ""passed"": true, ""category"": ""long_tiny_text""}, {""id"": ""17_pg2_pg1_text_95"", ""type"": ""present"", ""passed"": true, ""category"": ""long_tiny_text""}, {""id"": ""17_pg2_pg1_text_97"", ""type"": ""present"", ""passed"": true, ""category"": ""long_tiny_text""}, {""id"": ""auto_baseline"", ""type"": ""baseline"", ""passed"": true, ""category"": ""baseline""}]",,
lightonocr2,docs,multi_column__0114396ecb251aa3ebaeaeaed6bd4fe50bd2_page_2_pg1,20.701238564199958,1102.0,False,,,,,,,,,,,,False,,multi_column,6.0,6.0,"[{""id"": ""0114396ecb251aa3ebaeaeaed6bd4fe50bd2_page_2.pdf_order_e5d2d945"", ""type"": ""order"", ""passed"": true, ""category"": ""multi_column""}, {""id"": ""0114396ecb251aa3ebaeaeaed6bd4fe50bd2_page_2.pdf_order_6b2daa2b"", ""type"": ""order"", ""passed"": true, ""category"": ""multi_column""}, {""id"": ""0114396ecb251aa3ebaeaeaed6bd4fe50bd2_page_2.pdf_order_f61eafae"", ""type"": ""order"", ""passed"": true, ""category"": ""multi_column""}, {""id"": ""0114396ecb251aa3ebaeaeaed6bd4fe50bd2_page_2.pdf_order_40a2536e"", ""type"": ""order"", ""passed"": true, ""category"": ""multi_column""}, {""id"": ""0114396ecb251aa3ebaeaeaed6bd4fe50bd2_page_2.pdf_order_b8d41298"", ""type"": ""order"", ""passed"": true, ""category"": ""multi_column""}, {""id"": ""auto_baseline"", ""type"": ""baseline"", ""passed"": true, ""category"": ""baseline""}]",,
lightonocr2,docs,old_scans__52,20.701238564199958,111.0,False,,,,,,,,,,,,False,,old_scans,4.0,1.0,"[{""id"": ""52_591542"", ""type"": ""present"", ""passed"": false, ""category"": ""old_scans""}, {""id"": ""52_323921"", ""type"": ""present"", ""passed"": false, ""category"": ""old_scans""}, {""id"": ""52_987017"", ""type"": ""present"", ""passed"": false, ""category"": ""old_scans""}, {""id"": ""auto_baseline"", ""type"": ""baseline"", ""passed"": true, ""category"": ""baseline""}]",,
lightonocr2,docs,tables__b5d9db350b31304da912832bcbafc47b64d8_pg2_pg1,20.701238564199958,1604.0,False,,,,,,,,,,,,False,,table_tests,6.0,1.0,"[{""id"": ""b5d9db350b31304da912832bcbafc47b64d8_pg2_table_00"", ""type"": ""table"", ""passed"": false, ""category"": ""table_tests""}, {""id"": ""b5d9db350b31304da912832bcbafc47b64d8_pg2_table_01"", ""type"": ""table"", ""passed"": false, ""category"": ""table_tests""}, {""id"": ""b5d9db350b31304da912832bcbafc47b64d8_pg2_table_02"", ""type"": ""table"", ""passed"": false, ""category"": ""table_tests""}, {""id"": ""b5d9db350b31304da912832bcbafc47b64d8_pg2_table_03"", ""type"": ""table"", ""passed"": false, ""category"": ""table_tests""}, {""id"": ""b5d9db350b31304da912832bcbafc47b64d8_pg2_table_04"", ""type"": ""table"", ""passed"": false, ""category"": ""table_tests""}, {""id"": ""auto_baseline"", ""type"": ""baseline"", ""passed"": true, ""category"": ""baseline""}]",,
lightonocr2,handwriting,iam_00030,0.8411102176666342,17.0,False,,,0.03636363636363636,0.03636363636363636,0.125,2.0,55.0,0.875,0.875,0.125,1.0,False,False,,,,,,
lightonocr2,handwriting,iam_00143,0.8411102176666342,11.0,False,,,0.10256410256410256,0.10256410256410256,0.2857142857142857,4.0,39.0,0.7142857142857143,0.7142857142857143,0.2857142857142857,1.0256410256410255,False,False,,,,,,
lightonocr2,handwriting,iam_00371,0.8411102176666342,10.0,False,,,0.0,0.0,0.0,0.0,44.0,1.0,1.0,0.0,1.0,False,False,,,,,,
lightonocr2,handwriting,iam_00478,0.8411102176666342,7.0,False,,,0.0,0.0,0.0,0.0,29.0,1.0,1.0,0.0,1.0,False,False,,,,,,
lightonocr2,handwriting,iam_01805,0.8411102176666342,10.0,False,,,0.10526315789473684,0.10526315789473684,0.125,4.0,38.0,0.875,0.875,0.125,1.0263157894736843,False,False,,,,,,
lightonocr2,handwriting,iam_02384,0.8411102176666342,16.0,False,,,0.1794871794871795,0.1794871794871795,0.3,7.0,39.0,0.9,0.8181818181818182,0.18181818181818182,1.1025641025641026,False,False,,,,,,
lightonocr2,stress,syn000_prose__clean,12.038033026999983,508.0,False,,,0.0,0.0,0.0,0.0,2182.0,1.0,1.0,0.0,1.0,False,False,,,,,prose,clean
lightonocr2,stress,syn000_prose__dpi150,12.038033026999983,508.0,False,,,0.0,0.0,0.0,0.0,2182.0,1.0,1.0,0.0,1.0,False,False,,,,,prose,dpi150
lightonocr2,stress,syn000_prose__dpi75,12.038033026999983,508.0,False,,,0.0036613272311212816,0.0,0.0,0.0,2182.0,1.0,1.0,0.0,1.0,False,False,,,,,prose,dpi75
lightonocr2,stress,syn000_prose__blur,12.038033026999983,508.0,False,,,0.0036613272311212816,0.0,0.0,0.0,2182.0,1.0,1.0,0.0,1.0,False,False,,,,,prose,blur
lightonocr2,stress,syn000_prose__noise,12.038033026999983,508.0,False,,,0.0,0.0,0.0,0.0,2182.0,1.0,1.0,0.0,1.0,False,False,,,,,prose,noise
lightonocr2,stress,syn000_prose__rotate3,12.038033026999983,508.0,False,,,0.0,0.0,0.0,0.0,2182.0,1.0,1.0,0.0,1.0,False,False,,,,,prose,rotate3
lightonocr2,stress,syn000_prose__rotate8,12.038033026999983,508.0,False,,,0.0,0.0,0.0,0.0,2182.0,1.0,1.0,0.0,1.0,False,False,,,,,prose,rotate8
lightonocr2,stress,syn000_prose__jpeg_q10,12.038033026999983,508.0,False,,,0.0,0.0,0.0,0.0,2182.0,1.0,1.0,0.0,1.0,False,False,,,,,prose,jpeg_q10
lightonocr2,stress,syn000_prose__low_contrast,12.038033026999983,508.0,False,,,0.0,0.0,0.0,0.0,2182.0,1.0,1.0,0.0,1.0,False,False,,,,,prose,low_contrast
lightonocr2,stress,syn000_prose__photocopy,12.038033026999983,508.0,False,,,0.0,0.0,0.0,0.0,2182.0,1.0,1.0,0.0,1.0,False,False,,,,,prose,photocopy
lightonocr2,stress,syn000_prose__phone_photo,12.038033026999983,508.0,False,,,0.0,0.0,0.0,0.0,2182.0,1.0,1.0,0.0,1.0,False,False,,,,,prose,phone_photo
ocrmypdf,books,birdsofgreatbrit02butl_0308_full,7.635541497500071,,False,birdsofgreatbrit02butl,en,0.007671232876712329,0.0016429353778751369,0.006097560975609756,3.0,1826.0,0.9940652818991098,0.9940652818991098,0.005934718100890208,0.9994523548740416,False,False,,,,,,
ocrmypdf,books,conchologiaiconi05reev_0039_full,7.635541497500071,,False,conchologiaiconi05reev,en,0.04631043256997455,0.03615071283095723,0.1190893169877408,142.0,3928.0,0.8957264957264958,0.8957264957264958,0.10427350427350428,1.0010183299389002,False,False,,,,,,
ocrmypdf,books,daschitinskelett00prel_0037_full,7.635541497500071,,False,daschitinskelett00prel,de,0.006334125098970704,0.0045045045045045045,0.0273224043715847,17.0,3774.0,0.9762773722627737,0.9780621572212066,0.021937842778793418,0.9997350291467939,False,False,,,,,,
ocrmypdf,books,histoirenaturell10cuvi_0425_full,7.635541497500071,,False,histoirenaturell10cuvi,fr,0.0253324889170361,0.009541984732824428,0.04693140794223827,15.0,1572.0,0.9523809523809523,0.9621993127147767,0.037800687285223365,0.9987277353689568,False,False,,,,,,
ocrmypdf,docs,headers_footers__ba10222e40f05d76e2bf1d51c39066a4b1fe82ed_page_11,5.642898474200047,,False,,,,,,,,,,,,False,,headers_footers,3.0,1.0,"[{""id"": ""ba10222e40f05d76e2bf1d51c39066a4b1fe82ed_page_11_header_00"", ""type"": ""absent"", ""passed"": false, ""category"": ""headers_footers""}, {""id"": ""ba10222e40f05d76e2bf1d51c39066a4b1fe82ed_page_11.pdf_manual_00"", ""type"": ""absent"", ""passed"": false, ""category"": ""headers_footers""}, {""id"": ""auto_baseline"", ""type"": ""baseline"", ""passed"": true, ""category"": ""baseline""}]",,
ocrmypdf,docs,long_tiny_text__17_pg2_pg1,5.642898474200047,,False,,,,,,,,,,,,False,,long_tiny_text,40.0,34.0,"[{""id"": ""17_pg2_pg1_text_00"", ""type"": ""present"", ""passed"": true, ""category"": ""long_tiny_text""}, {""id"": ""17_pg2_pg1_text_01"", ""type"": ""present"", ""passed"": true, ""category"": ""long_tiny_text""}, {""id"": ""17_pg2_pg1_text_02"", ""type"": ""present"", ""passed"": false, ""category"": ""long_tiny_text""}, {""id"": ""17_pg2_pg1_text_03"", ""type"": ""present"", ""passed"": true, ""category"": ""long_tiny_text""}, {""id"": ""17_pg2_pg1_text_04"", ""type"": ""present"", ""passed"": true, ""category"": ""long_tiny_text""}, {""id"": ""17_pg2_pg1_text_06"", ""type"": ""present"", ""passed"": true, ""category"": ""long_tiny_text""}, {""id"": ""17_pg2_pg1_text_07"", ""type"": ""present"", ""passed"": true, ""category"": ""long_tiny_text""}, {""id"": ""17_pg2_pg1_text_09"", ""type"": ""present"", ""passed"": true, ""category"": ""long_tiny_text""}, {""id"": ""17_pg2_pg1_text_10"", ""type"": ""present"", ""passed"": true, ""category"": ""long_tiny_text""}, {""id"": ""17_pg2_pg1_text_12"", ""type"": ""present"", ""passed"": true, ""category"": ""long_tiny_text""}, {""id"": ""17_pg2_pg1_text_13"", ""type"": ""present"", ""passed"": true, ""category"": ""long_tiny_text""}, {""id"": ""17_pg2_pg1_text_16"", ""type"": ""present"", ""passed"": true, ""category"": ""long_tiny_text""}, {""id"": ""17_pg2_pg1_text_17"", ""type"": ""present"", ""passed"": false, ""category"": ""long_tiny_text""}, {""id"": ""17_pg2_pg1_text_20"", ""type"": ""present"", ""passed"": false, ""category"": ""long_tiny_text""}, {""id"": ""17_pg2_pg1_text_23"", ""type"": ""present"", ""passed"": true, ""category"": ""long_tiny_text""}, {""id"": ""17_pg2_pg1_text_24"", ""type"": ""present"", ""passed"": true, ""category"": ""long_tiny_text""}, {""id"": ""17_pg2_pg1_text_25"", ""type"": ""present"", ""passed"": true, ""category"": ""long_tiny_text""}, {""id"": ""17_pg2_pg1_text_27"", ""type"": ""present"", ""passed"": true, ""category"": ""long_tiny_text""}, {""id"": ""17_pg2_pg1_text_28"", ""type"": ""present"", ""passed"": true, ""category"": ""long_tiny_text""}, {""id"": ""17_pg2_pg1_text_30"", ""type"": ""present"", ""passed"": true, ""category"": ""long_tiny_text""}, {""id"": ""17_pg2_pg1_text_31"", ""type"": ""present"", ""passed"": true, ""category"": ""long_tiny_text""}, {""id"": ""17_pg2_pg1_text_34"", ""type"": ""present"", ""passed"": true, ""category"": ""long_tiny_text""}, {""id"": ""17_pg2_pg1_text_37"", ""type"": ""present"", ""passed"": true, ""category"": ""long_tiny_text""}, {""id"": ""17_pg2_pg1_text_41"", ""type"": ""present"", ""passed"": false, ""category"": ""long_tiny_text""}, {""id"": ""17_pg2_pg1_text_43"", ""type"": ""present"", ""passed"": true, ""category"": ""long_tiny_text""}, {""id"": ""17_pg2_pg1_text_45"", ""type"": ""present"", ""passed"": false, ""category"": ""long_tiny_text""}, {""id"": ""17_pg2_pg1_text_49"", ""type"": ""present"", ""passed"": true, ""category"": ""long_tiny_text""}, {""id"": ""17_pg2_pg1_text_51"", ""type"": ""present"", ""passed"": true, ""category"": ""long_tiny_text""}, {""id"": ""17_pg2_pg1_text_56"", ""type"": ""present"", ""passed"": true, ""category"": ""long_tiny_text""}, {""id"": ""17_pg2_pg1_text_61"", ""type"": ""present"", ""passed"": true, ""category"": ""long_tiny_text""}, {""id"": ""17_pg2_pg1_text_65"", ""type"": ""present"", ""passed"": true, ""category"": ""long_tiny_text""}, {""id"": ""17_pg2_pg1_text_69"", ""type"": ""present"", ""passed"": true, ""category"": ""long_tiny_text""}, {""id"": ""17_pg2_pg1_text_74"", ""type"": ""present"", ""passed"": true, ""category"": ""long_tiny_text""}, {""id"": ""17_pg2_pg1_text_80"", ""type"": ""present"", ""passed"": true, ""category"": ""long_tiny_text""}, {""id"": ""17_pg2_pg1_text_83"", ""type"": ""present"", ""passed"": false, ""category"": ""long_tiny_text""}, {""id"": ""17_pg2_pg1_text_86"", ""type"": ""present"", ""passed"": true, ""category"": ""long_tiny_text""}, {""id"": ""17_pg2_pg1_text_88"", ""type"": ""present"", ""passed"": true, ""category"": ""long_tiny_text""}, {""id"": ""17_pg2_pg1_text_95"", ""type"": ""present"", ""passed"": true, ""category"": ""long_tiny_text""}, {""id"": ""17_pg2_pg1_text_97"", ""type"": ""present"", ""passed"": true, ""category"": ""long_tiny_text""}, {""id"": ""auto_baseline"", ""type"": ""baseline"", ""passed"": true, ""category"": ""baseline""}]",,
ocrmypdf,docs,multi_column__0114396ecb251aa3ebaeaeaed6bd4fe50bd2_page_2_pg1,5.642898474200047,,False,,,,,,,,,,,,False,,multi_column,6.0,6.0,"[{""id"": ""0114396ecb251aa3ebaeaeaed6bd4fe50bd2_page_2.pdf_order_e5d2d945"", ""type"": ""order"", ""passed"": true, ""category"": ""multi_column""}, {""id"": ""0114396ecb251aa3ebaeaeaed6bd4fe50bd2_page_2.pdf_order_6b2daa2b"", ""type"": ""order"", ""passed"": true, ""category"": ""multi_column""}, {""id"": ""0114396ecb251aa3ebaeaeaed6bd4fe50bd2_page_2.pdf_order_f61eafae"", ""type"": ""order"", ""passed"": true, ""category"": ""multi_column""}, {""id"": ""0114396ecb251aa3ebaeaeaed6bd4fe50bd2_page_2.pdf_order_40a2536e"", ""type"": ""order"", ""passed"": true, ""category"": ""multi_column""}, {""id"": ""0114396ecb251aa3ebaeaeaed6bd4fe50bd2_page_2.pdf_order_b8d41298"", ""type"": ""order"", ""passed"": true, ""category"": ""multi_column""}, {""id"": ""auto_baseline"", ""type"": ""baseline"", ""passed"": true, ""category"": ""baseline""}]",,
ocrmypdf,docs,old_scans__52,5.642898474200047,,False,,,,,,,,,,,,True,,old_scans,4.0,0.0,"[{""id"": ""52_591542"", ""type"": ""present"", ""passed"": false, ""category"": ""old_scans""}, {""id"": ""52_323921"", ""type"": ""present"", ""passed"": false, ""category"": ""old_scans""}, {""id"": ""52_987017"", ""type"": ""present"", ""passed"": false, ""category"": ""old_scans""}, {""id"": ""auto_baseline"", ""type"": ""baseline"", ""passed"": false, ""category"": ""baseline""}]",,
ocrmypdf,docs,tables__b5d9db350b31304da912832bcbafc47b64d8_pg2_pg1,5.642898474200047,,False,,,,,,,,,,,,False,,table_tests,6.0,1.0,"[{""id"": ""b5d9db350b31304da912832bcbafc47b64d8_pg2_table_00"", ""type"": ""table"", ""passed"": false, ""category"": ""table_tests""}, {""id"": ""b5d9db350b31304da912832bcbafc47b64d8_pg2_table_01"", ""type"": ""table"", ""passed"": false, ""category"": ""table_tests""}, {""id"": ""b5d9db350b31304da912832bcbafc47b64d8_pg2_table_02"", ""type"": ""table"", ""passed"": false, ""category"": ""table_tests""}, {""id"": ""b5d9db350b31304da912832bcbafc47b64d8_pg2_table_03"", ""type"": ""table"", ""passed"": false, ""category"": ""table_tests""}, {""id"": ""b5d9db350b31304da912832bcbafc47b64d8_pg2_table_04"", ""type"": ""table"", ""passed"": false, ""category"": ""table_tests""}, {""id"": ""auto_baseline"", ""type"": ""baseline"", ""passed"": true, ""category"": ""baseline""}]",,
ocrmypdf,handwriting,iam_00030,0.6939095526668098,,False,,,0.36363636363636365,0.36363636363636365,1.0,20.0,55.0,0.25,0.2222222222222222,0.7777777777777778,0.9272727272727272,False,False,,,,,,
ocrmypdf,handwriting,iam_00143,0.6939095526668098,,False,,,0.6153846153846154,0.6153846153846154,1.1428571428571428,24.0,39.0,0.0,0.0,1.0,0.8974358974358975,False,False,,,,,,
ocrmypdf,handwriting,iam_00371,0.6939095526668098,,False,,,1.0,1.0,1.0,44.0,44.0,0.0,0.0,0.0,0.0,True,False,,,,,,
ocrmypdf,handwriting,iam_00478,0.6939095526668098,,False,,,0.9655172413793104,0.9655172413793104,1.0,28.0,29.0,0.0,0.0,1.0,0.10344827586206896,False,False,,,,,,
ocrmypdf,handwriting,iam_01805,0.6939095526668098,,False,,,0.47368421052631576,0.47368421052631576,1.0,18.0,38.0,0.125,0.1111111111111111,0.8888888888888888,0.9736842105263158,False,False,,,,,,
ocrmypdf,handwriting,iam_02384,0.6939095526668098,,False,,,0.7692307692307693,0.7692307692307693,1.0,30.0,39.0,0.0,0.0,1.0,0.3333333333333333,False,False,,,,,,
ocrmypdf,stress,syn000_prose__clean,2.4667445894544717,,False,,,0.0009153318077803204,0.0009165902841429881,0.005141388174807198,2.0,2182.0,0.9949622166246851,0.9949622166246851,0.005037783375314861,1.0,False,False,,,,,prose,clean
ocrmypdf,stress,syn000_prose__dpi150,2.4667445894544717,,False,,,0.0004576659038901602,0.00045829514207149406,0.002570694087403599,1.0,2182.0,0.9974811083123426,0.9974811083123426,0.0025188916876574307,1.0,False,False,,,,,prose,dpi150
ocrmypdf,stress,syn000_prose__dpi75,2.4667445894544717,,False,,,0.49702517162471394,0.49725022914757105,0.5809768637532133,1085.0,2182.0,0.4508816120906801,0.8026905829596412,0.19730941704035873,0.5297891842346472,False,False,,,,,prose,dpi75
ocrmypdf,stress,syn000_prose__blur,2.4667445894544717,,False,,,0.007322654462242563,0.005499541704857928,0.015424164524421594,12.0,2182.0,0.9848866498740554,1.0,0.0,0.9945004582951421,False,False,,,,,prose,blur
ocrmypdf,stress,syn000_prose__noise,2.4667445894544717,,False,,,0.10389016018306636,0.10128322639780019,0.2570694087403599,221.0,2182.0,0.9193954659949622,0.8568075117370892,0.1431924882629108,1.0233730522456461,False,False,,,,,prose,noise
ocrmypdf,stress,syn000_prose__rotate3,2.4667445894544717,,False,,,0.0,0.0,0.0,0.0,2182.0,1.0,1.0,0.0,1.0,False,False,,,,,prose,rotate3
ocrmypdf,stress,syn000_prose__rotate8,2.4667445894544717,,False,,,1.0,1.0,1.0,2182.0,2182.0,0.0,0.0,0.0,0.0,True,False,,,,,prose,rotate8
ocrmypdf,stress,syn000_prose__jpeg_q10,2.4667445894544717,,False,,,0.0,0.0,0.0,0.0,2182.0,1.0,1.0,0.0,1.0,False,False,,,,,prose,jpeg_q10
ocrmypdf,stress,syn000_prose__low_contrast,2.4667445894544717,,False,,,0.0,0.0,0.0,0.0,2182.0,1.0,1.0,0.0,1.0,False,False,,,,,prose,low_contrast
ocrmypdf,stress,syn000_prose__photocopy,2.4667445894544717,,False,,,0.0009153318077803204,0.00045829514207149406,0.002570694087403599,1.0,2182.0,0.9974811083123426,0.9974811083123426,0.0025188916876574307,1.0,False,False,,,,,prose,photocopy
ocrmypdf,stress,syn000_prose__phone_photo,2.4667445894544717,,False,,,0.6178489702517163,0.6182401466544455,0.7969151670951157,1349.0,2182.0,0.9269521410579346,0.863849765258216,0.13615023474178403,1.0201649862511457,False,False,,,,,prose,phone_photo
ovisocr2,books,birdsofgreatbrit02butl_0308_full,8.146327290000045,448.0,False,birdsofgreatbrit02butl,en,0.008767123287671232,0.001095290251916758,0.003048780487804878,2.0,1826.0,0.9970326409495549,0.9970326409495549,0.002967359050445104,1.0005476451259583,False,False,,,,,,
ovisocr2,books,conchologiaiconi05reev_0039_full,8.146327290000045,1180.0,False,conchologiaiconi05reev,en,0.020610687022900764,0.010692464358452138,0.0647985989492119,42.0,3928.0,0.9384615384615385,0.9384615384615385,0.06153846153846154,0.9984725050916496,False,False,,,,,,
ovisocr2,books,daschitinskelett00prel_0037_full,8.146327290000045,935.0,False,daschitinskelett00prel,de,0.008181578252837161,0.0037095919448860626,0.020036429872495445,14.0,3774.0,0.9835766423357665,0.9835766423357665,0.016423357664233577,0.998145204027557,False,False,,,,,,
ovisocr2,books,histoirenaturell10cuvi_0425_full,8.146327290000045,449.0,False,histoirenaturell10cuvi,fr,0.02026599113362888,0.0019083969465648854,0.010830324909747292,3.0,1572.0,0.9897959183673469,0.9864406779661017,0.013559322033898305,1.0,False,False,,,,,,
ovisocr2,docs,headers_footers__ba10222e40f05d76e2bf1d51c39066a4b1fe82ed_page_11,5.316775432799841,1112.0,False,,,,,,,,,,,,False,,headers_footers,3.0,1.0,"[{""id"": ""ba10222e40f05d76e2bf1d51c39066a4b1fe82ed_page_11_header_00"", ""type"": ""absent"", ""passed"": false, ""category"": ""headers_footers""}, {""id"": ""ba10222e40f05d76e2bf1d51c39066a4b1fe82ed_page_11.pdf_manual_00"", ""type"": ""absent"", ""passed"": false, ""category"": ""headers_footers""}, {""id"": ""auto_baseline"", ""type"": ""baseline"", ""passed"": true, ""category"": ""baseline""}]",,
ovisocr2,docs,long_tiny_text__17_pg2_pg1,5.316775432799841,1278.0,False,,,,,,,,,,,,False,,long_tiny_text,40.0,39.0,"[{""id"": ""17_pg2_pg1_text_00"", ""type"": ""present"", ""passed"": true, ""category"": ""long_tiny_text""}, {""id"": ""17_pg2_pg1_text_01"", ""type"": ""present"", ""passed"": true, ""category"": ""long_tiny_text""}, {""id"": ""17_pg2_pg1_text_02"", ""type"": ""present"", ""passed"": true, ""category"": ""long_tiny_text""}, {""id"": ""17_pg2_pg1_text_03"", ""type"": ""present"", ""passed"": true, ""category"": ""long_tiny_text""}, {""id"": ""17_pg2_pg1_text_04"", ""type"": ""present"", ""passed"": true, ""category"": ""long_tiny_text""}, {""id"": ""17_pg2_pg1_text_06"", ""type"": ""present"", ""passed"": true, ""category"": ""long_tiny_text""}, {""id"": ""17_pg2_pg1_text_07"", ""type"": ""present"", ""passed"": true, ""category"": ""long_tiny_text""}, {""id"": ""17_pg2_pg1_text_09"", ""type"": ""present"", ""passed"": true, ""category"": ""long_tiny_text""}, {""id"": ""17_pg2_pg1_text_10"", ""type"": ""present"", ""passed"": true, ""category"": ""long_tiny_text""}, {""id"": ""17_pg2_pg1_text_12"", ""type"": ""present"", ""passed"": true, ""category"": ""long_tiny_text""}, {""id"": ""17_pg2_pg1_text_13"", ""type"": ""present"", ""passed"": true, ""category"": ""long_tiny_text""}, {""id"": ""17_pg2_pg1_text_16"", ""type"": ""present"", ""passed"": true, ""category"": ""long_tiny_text""}, {""id"": ""17_pg2_pg1_text_17"", ""type"": ""present"", ""passed"": false, ""category"": ""long_tiny_text""}, {""id"": ""17_pg2_pg1_text_20"", ""type"": ""present"", ""passed"": true, ""category"": ""long_tiny_text""}, {""id"": ""17_pg2_pg1_text_23"", ""type"": ""present"", ""passed"": true, ""category"": ""long_tiny_text""}, {""id"": ""17_pg2_pg1_text_24"", ""type"": ""present"", ""passed"": true, ""category"": ""long_tiny_text""}, {""id"": ""17_pg2_pg1_text_25"", ""type"": ""present"", ""passed"": true, ""category"": ""long_tiny_text""}, {""id"": ""17_pg2_pg1_text_27"", ""type"": ""present"", ""passed"": true, ""category"": ""long_tiny_text""}, {""id"": ""17_pg2_pg1_text_28"", ""type"": ""present"", ""passed"": true, ""category"": ""long_tiny_text""}, {""id"": ""17_pg2_pg1_text_30"", ""type"": ""present"", ""passed"": true, ""category"": ""long_tiny_text""}, {""id"": ""17_pg2_pg1_text_31"", ""type"": ""present"", ""passed"": true, ""category"": ""long_tiny_text""}, {""id"": ""17_pg2_pg1_text_34"", ""type"": ""present"", ""passed"": true, ""category"": ""long_tiny_text""}, {""id"": ""17_pg2_pg1_text_37"", ""type"": ""present"", ""passed"": true, ""category"": ""long_tiny_text""}, {""id"": ""17_pg2_pg1_text_41"", ""type"": ""present"", ""passed"": true, ""category"": ""long_tiny_text""}, {""id"": ""17_pg2_pg1_text_43"", ""type"": ""present"", ""passed"": true, ""category"": ""long_tiny_text""}, {""id"": ""17_pg2_pg1_text_45"", ""type"": ""present"", ""passed"": true, ""category"": ""long_tiny_text""}, {""id"": ""17_pg2_pg1_text_49"", ""type"": ""present"", ""passed"": true, ""category"": ""long_tiny_text""}, {""id"": ""17_pg2_pg1_text_51"", ""type"": ""present"", ""passed"": true, ""category"": ""long_tiny_text""}, {""id"": ""17_pg2_pg1_text_56"", ""type"": ""present"", ""passed"": true, ""category"": ""long_tiny_text""}, {""id"": ""17_pg2_pg1_text_61"", ""type"": ""present"", ""passed"": true, ""category"": ""long_tiny_text""}, {""id"": ""17_pg2_pg1_text_65"", ""type"": ""present"", ""passed"": true, ""category"": ""long_tiny_text""}, {""id"": ""17_pg2_pg1_text_69"", ""type"": ""present"", ""passed"": true, ""category"": ""long_tiny_text""}, {""id"": ""17_pg2_pg1_text_74"", ""type"": ""present"", ""passed"": true, ""category"": ""long_tiny_text""}, {""id"": ""17_pg2_pg1_text_80"", ""type"": ""present"", ""passed"": true, ""category"": ""long_tiny_text""}, {""id"": ""17_pg2_pg1_text_83"", ""type"": ""present"", ""passed"": true, ""category"": ""long_tiny_text""}, {""id"": ""17_pg2_pg1_text_86"", ""type"": ""present"", ""passed"": true, ""category"": ""long_tiny_text""}, {""id"": ""17_pg2_pg1_text_88"", ""type"": ""present"", ""passed"": true, ""category"": ""long_tiny_text""}, {""id"": ""17_pg2_pg1_text_95"", ""type"": ""present"", ""passed"": true, ""category"": ""long_tiny_text""}, {""id"": ""17_pg2_pg1_text_97"", ""type"": ""present"", ""passed"": true, ""category"": ""long_tiny_text""}, {""id"": ""auto_baseline"", ""type"": ""baseline"", ""passed"": true, ""category"": ""baseline""}]",,
ovisocr2,docs,multi_column__0114396ecb251aa3ebaeaeaed6bd4fe50bd2_page_2_pg1,5.316775432799841,1108.0,False,,,,,,,,,,,,False,,multi_column,6.0,6.0,"[{""id"": ""0114396ecb251aa3ebaeaeaed6bd4fe50bd2_page_2.pdf_order_e5d2d945"", ""type"": ""order"", ""passed"": true, ""category"": ""multi_column""}, {""id"": ""0114396ecb251aa3ebaeaeaed6bd4fe50bd2_page_2.pdf_order_6b2daa2b"", ""type"": ""order"", ""passed"": true, ""category"": ""multi_column""}, {""id"": ""0114396ecb251aa3ebaeaeaed6bd4fe50bd2_page_2.pdf_order_f61eafae"", ""type"": ""order"", ""passed"": true, ""category"": ""multi_column""}, {""id"": ""0114396ecb251aa3ebaeaeaed6bd4fe50bd2_page_2.pdf_order_40a2536e"", ""type"": ""order"", ""passed"": true, ""category"": ""multi_column""}, {""id"": ""0114396ecb251aa3ebaeaeaed6bd4fe50bd2_page_2.pdf_order_b8d41298"", ""type"": ""order"", ""passed"": true, ""category"": ""multi_column""}, {""id"": ""auto_baseline"", ""type"": ""baseline"", ""passed"": true, ""category"": ""baseline""}]",,
ovisocr2,docs,old_scans__52,5.316775432799841,128.0,False,,,,,,,,,,,,False,,old_scans,4.0,1.0,"[{""id"": ""52_591542"", ""type"": ""present"", ""passed"": false, ""category"": ""old_scans""}, {""id"": ""52_323921"", ""type"": ""present"", ""passed"": false, ""category"": ""old_scans""}, {""id"": ""52_987017"", ""type"": ""present"", ""passed"": false, ""category"": ""old_scans""}, {""id"": ""auto_baseline"", ""type"": ""baseline"", ""passed"": true, ""category"": ""baseline""}]",,
ovisocr2,docs,tables__b5d9db350b31304da912832bcbafc47b64d8_pg2_pg1,5.316775432799841,1680.0,False,,,,,,,,,,,,False,,table_tests,6.0,1.0,"[{""id"": ""b5d9db350b31304da912832bcbafc47b64d8_pg2_table_00"", ""type"": ""table"", ""passed"": false, ""category"": ""table_tests""}, {""id"": ""b5d9db350b31304da912832bcbafc47b64d8_pg2_table_01"", ""type"": ""table"", ""passed"": false, ""category"": ""table_tests""}, {""id"": ""b5d9db350b31304da912832bcbafc47b64d8_pg2_table_02"", ""type"": ""table"", ""passed"": false, ""category"": ""table_tests""}, {""id"": ""b5d9db350b31304da912832bcbafc47b64d8_pg2_table_03"", ""type"": ""table"", ""passed"": false, ""category"": ""table_tests""}, {""id"": ""b5d9db350b31304da912832bcbafc47b64d8_pg2_table_04"", ""type"": ""table"", ""passed"": false, ""category"": ""table_tests""}, {""id"": ""auto_baseline"", ""type"": ""baseline"", ""passed"": true, ""category"": ""baseline""}]",,
ovisocr2,handwriting,iam_00030,0.11594218533324845,17.0,False,,,0.12727272727272726,0.12727272727272726,0.25,7.0,55.0,0.75,0.75,0.25,1.0,False,False,,,,,,
ovisocr2,handwriting,iam_00143,0.11594218533324845,12.0,False,,,0.23076923076923078,0.23076923076923078,0.42857142857142855,9.0,39.0,0.5714285714285714,0.5714285714285714,0.42857142857142855,1.0256410256410255,False,False,,,,,,
ovisocr2,handwriting,iam_00371,0.11594218533324845,10.0,False,,,0.0,0.0,0.0,0.0,44.0,1.0,1.0,0.0,1.0,False,False,,,,,,
ovisocr2,handwriting,iam_00478,0.11594218533324845,8.0,False,,,0.0,0.0,0.0,0.0,29.0,1.0,1.0,0.0,1.0,False,False,,,,,,
ovisocr2,handwriting,iam_01805,0.11594218533324845,9.0,False,,,0.0,0.0,0.0,0.0,38.0,1.0,1.0,0.0,1.0,False,False,,,,,,
ovisocr2,handwriting,iam_02384,0.11594218533324845,12.0,False,,,0.1282051282051282,0.1282051282051282,0.2,5.0,39.0,0.9,0.9,0.1,0.9743589743589743,False,False,,,,,,
ovisocr2,stress,syn000_prose__clean,6.160313038636311,508.0,False,,,0.0,0.0,0.0,0.0,2182.0,1.0,1.0,0.0,1.0,False,False,,,,,prose,clean
ovisocr2,stress,syn000_prose__dpi150,6.160313038636311,507.0,False,,,0.0004576659038901602,0.00045829514207149406,0.002570694087403599,1.0,2182.0,0.9974811083123426,0.9974811083123426,0.0025188916876574307,0.9995417048579285,False,False,,,,,prose,dpi150
ovisocr2,stress,syn000_prose__dpi75,6.160313038636311,508.0,False,,,0.0,0.0,0.0,0.0,2182.0,1.0,1.0,0.0,1.0,False,False,,,,,prose,dpi75
ovisocr2,stress,syn000_prose__blur,6.160313038636311,508.0,False,,,0.0,0.0,0.0,0.0,2182.0,1.0,1.0,0.0,1.0,False,False,,,,,prose,blur
ovisocr2,stress,syn000_prose__noise,6.160313038636311,507.0,False,,,0.0004576659038901602,0.00045829514207149406,0.002570694087403599,1.0,2182.0,0.9974811083123426,0.9974811083123426,0.0025188916876574307,0.9995417048579285,False,False,,,,,prose,noise
ovisocr2,stress,syn000_prose__rotate3,6.160313038636311,507.0,False,,,0.0004576659038901602,0.00045829514207149406,0.002570694087403599,1.0,2182.0,0.9974811083123426,0.9974811083123426,0.0025188916876574307,0.9995417048579285,False,False,,,,,prose,rotate3
ovisocr2,stress,syn000_prose__rotate8,6.160313038636311,506.0,False,,,0.0013729977116704805,0.001374885426214482,0.005141388174807198,3.0,2182.0,0.9949622166246851,0.9949622166246851,0.005037783375314861,0.999083409715857,False,False,,,,,prose,rotate8
ovisocr2,stress,syn000_prose__jpeg_q10,6.160313038636311,507.0,False,,,0.0004576659038901602,0.00045829514207149406,0.002570694087403599,1.0,2182.0,0.9974811083123426,0.9974811083123426,0.0025188916876574307,0.9995417048579285,False,False,,,,,prose,jpeg_q10
ovisocr2,stress,syn000_prose__low_contrast,6.160313038636311,507.0,False,,,0.0004576659038901602,0.00045829514207149406,0.002570694087403599,1.0,2182.0,0.9974811083123426,0.9974811083123426,0.0025188916876574307,0.9995417048579285,False,False,,,,,prose,low_contrast
ovisocr2,stress,syn000_prose__photocopy,6.160313038636311,508.0,False,,,0.0,0.0,0.0,0.0,2182.0,1.0,1.0,0.0,1.0,False,False,,,,,prose,photocopy
ovisocr2,stress,syn000_prose__phone_photo,6.160313038636311,507.0,False,,,0.0004576659038901602,0.00045829514207149406,0.002570694087403599,1.0,2182.0,0.9974811083123426,0.9974811083123426,0.0025188916876574307,0.9995417048579285,False,False,,,,,prose,phone_photo
qwen3.5-2b,books,birdsofgreatbrit02butl_0308_full,8.789008588000343,439.0,False,birdsofgreatbrit02butl,en,0.02410958904109589,0.01588170865279299,0.01524390243902439,29.0,1826.0,0.9881305637982196,0.9970059880239521,0.0029940119760479044,0.9923329682365827,False,False,,,,,,
qwen3.5-2b,books,conchologiaiconi05reev_0039_full,8.789008588000343,810.0,False,conchologiaiconi05reev,en,0.328498727735369,0.3210285132382892,0.35901926444833626,1261.0,3928.0,0.6410256410256411,0.9375,0.0625,0.6858452138492872,False,False,,,,,,
qwen3.5-2b,books,daschitinskelett00prel_0037_full,8.789008588000343,938.0,False,daschitinskelett00prel,de,0.008181578252837161,0.003444621091679915,0.01639344262295082,13.0,3774.0,0.9872262773722628,0.9872262773722628,0.012773722627737226,0.9986751457339693,False,False,,,,,,
qwen3.5-2b,books,histoirenaturell10cuvi_0425_full,8.789008588000343,472.0,False,histoirenaturell10cuvi,fr,0.03229892336922103,0.017811704834605598,0.02888086642599278,28.0,1572.0,0.9761904761904762,0.9828767123287672,0.017123287671232876,0.9860050890585241,False,False,,,,,,
qwen3.5-2b,docs,headers_footers__ba10222e40f05d76e2bf1d51c39066a4b1fe82ed_page_11,9.227765997199821,871.0,False,,,,,,,,,,,,False,,headers_footers,3.0,1.0,"[{""id"": ""ba10222e40f05d76e2bf1d51c39066a4b1fe82ed_page_11_header_00"", ""type"": ""absent"", ""passed"": false, ""category"": ""headers_footers""}, {""id"": ""ba10222e40f05d76e2bf1d51c39066a4b1fe82ed_page_11.pdf_manual_00"", ""type"": ""absent"", ""passed"": false, ""category"": ""headers_footers""}, {""id"": ""auto_baseline"", ""type"": ""baseline"", ""passed"": true, ""category"": ""baseline""}]",,
qwen3.5-2b,docs,long_tiny_text__17_pg2_pg1,9.227765997199821,1363.0,False,,,,,,,,,,,,False,,long_tiny_text,40.0,39.0,"[{""id"": ""17_pg2_pg1_text_00"", ""type"": ""present"", ""passed"": true, ""category"": ""long_tiny_text""}, {""id"": ""17_pg2_pg1_text_01"", ""type"": ""present"", ""passed"": true, ""category"": ""long_tiny_text""}, {""id"": ""17_pg2_pg1_text_02"", ""type"": ""present"", ""passed"": true, ""category"": ""long_tiny_text""}, {""id"": ""17_pg2_pg1_text_03"", ""type"": ""present"", ""passed"": true, ""category"": ""long_tiny_text""}, {""id"": ""17_pg2_pg1_text_04"", ""type"": ""present"", ""passed"": true, ""category"": ""long_tiny_text""}, {""id"": ""17_pg2_pg1_text_06"", ""type"": ""present"", ""passed"": true, ""category"": ""long_tiny_text""}, {""id"": ""17_pg2_pg1_text_07"", ""type"": ""present"", ""passed"": true, ""category"": ""long_tiny_text""}, {""id"": ""17_pg2_pg1_text_09"", ""type"": ""present"", ""passed"": true, ""category"": ""long_tiny_text""}, {""id"": ""17_pg2_pg1_text_10"", ""type"": ""present"", ""passed"": true, ""category"": ""long_tiny_text""}, {""id"": ""17_pg2_pg1_text_12"", ""type"": ""present"", ""passed"": true, ""category"": ""long_tiny_text""}, {""id"": ""17_pg2_pg1_text_13"", ""type"": ""present"", ""passed"": true, ""category"": ""long_tiny_text""}, {""id"": ""17_pg2_pg1_text_16"", ""type"": ""present"", ""passed"": true, ""category"": ""long_tiny_text""}, {""id"": ""17_pg2_pg1_text_17"", ""type"": ""present"", ""passed"": false, ""category"": ""long_tiny_text""}, {""id"": ""17_pg2_pg1_text_20"", ""type"": ""present"", ""passed"": true, ""category"": ""long_tiny_text""}, {""id"": ""17_pg2_pg1_text_23"", ""type"": ""present"", ""passed"": true, ""category"": ""long_tiny_text""}, {""id"": ""17_pg2_pg1_text_24"", ""type"": ""present"", ""passed"": true, ""category"": ""long_tiny_text""}, {""id"": ""17_pg2_pg1_text_25"", ""type"": ""present"", ""passed"": true, ""category"": ""long_tiny_text""}, {""id"": ""17_pg2_pg1_text_27"", ""type"": ""present"", ""passed"": true, ""category"": ""long_tiny_text""}, {""id"": ""17_pg2_pg1_text_28"", ""type"": ""present"", ""passed"": true, ""category"": ""long_tiny_text""}, {""id"": ""17_pg2_pg1_text_30"", ""type"": ""present"", ""passed"": true, ""category"": ""long_tiny_text""}, {""id"": ""17_pg2_pg1_text_31"", ""type"": ""present"", ""passed"": true, ""category"": ""long_tiny_text""}, {""id"": ""17_pg2_pg1_text_34"", ""type"": ""present"", ""passed"": true, ""category"": ""long_tiny_text""}, {""id"": ""17_pg2_pg1_text_37"", ""type"": ""present"", ""passed"": true, ""category"": ""long_tiny_text""}, {""id"": ""17_pg2_pg1_text_41"", ""type"": ""present"", ""passed"": true, ""category"": ""long_tiny_text""}, {""id"": ""17_pg2_pg1_text_43"", ""type"": ""present"", ""passed"": true, ""category"": ""long_tiny_text""}, {""id"": ""17_pg2_pg1_text_45"", ""type"": ""present"", ""passed"": true, ""category"": ""long_tiny_text""}, {""id"": ""17_pg2_pg1_text_49"", ""type"": ""present"", ""passed"": true, ""category"": ""long_tiny_text""}, {""id"": ""17_pg2_pg1_text_51"", ""type"": ""present"", ""passed"": true, ""category"": ""long_tiny_text""}, {""id"": ""17_pg2_pg1_text_56"", ""type"": ""present"", ""passed"": true, ""category"": ""long_tiny_text""}, {""id"": ""17_pg2_pg1_text_61"", ""type"": ""present"", ""passed"": true, ""category"": ""long_tiny_text""}, {""id"": ""17_pg2_pg1_text_65"", ""type"": ""present"", ""passed"": true, ""category"": ""long_tiny_text""}, {""id"": ""17_pg2_pg1_text_69"", ""type"": ""present"", ""passed"": true, ""category"": ""long_tiny_text""}, {""id"": ""17_pg2_pg1_text_74"", ""type"": ""present"", ""passed"": true, ""category"": ""long_tiny_text""}, {""id"": ""17_pg2_pg1_text_80"", ""type"": ""present"", ""passed"": true, ""category"": ""long_tiny_text""}, {""id"": ""17_pg2_pg1_text_83"", ""type"": ""present"", ""passed"": true, ""category"": ""long_tiny_text""}, {""id"": ""17_pg2_pg1_text_86"", ""type"": ""present"", ""passed"": true, ""category"": ""long_tiny_text""}, {""id"": ""17_pg2_pg1_text_88"", ""type"": ""present"", ""passed"": true, ""category"": ""long_tiny_text""}, {""id"": ""17_pg2_pg1_text_95"", ""type"": ""present"", ""passed"": true, ""category"": ""long_tiny_text""}, {""id"": ""17_pg2_pg1_text_97"", ""type"": ""present"", ""passed"": true, ""category"": ""long_tiny_text""}, {""id"": ""auto_baseline"", ""type"": ""baseline"", ""passed"": true, ""category"": ""baseline""}]",,
qwen3.5-2b,docs,multi_column__0114396ecb251aa3ebaeaeaed6bd4fe50bd2_page_2_pg1,9.227765997199821,1037.0,False,,,,,,,,,,,,False,,multi_column,6.0,6.0,"[{""id"": ""0114396ecb251aa3ebaeaeaed6bd4fe50bd2_page_2.pdf_order_e5d2d945"", ""type"": ""order"", ""passed"": true, ""category"": ""multi_column""}, {""id"": ""0114396ecb251aa3ebaeaeaed6bd4fe50bd2_page_2.pdf_order_6b2daa2b"", ""type"": ""order"", ""passed"": true, ""category"": ""multi_column""}, {""id"": ""0114396ecb251aa3ebaeaeaed6bd4fe50bd2_page_2.pdf_order_f61eafae"", ""type"": ""order"", ""passed"": true, ""category"": ""multi_column""}, {""id"": ""0114396ecb251aa3ebaeaeaed6bd4fe50bd2_page_2.pdf_order_40a2536e"", ""type"": ""order"", ""passed"": true, ""category"": ""multi_column""}, {""id"": ""0114396ecb251aa3ebaeaeaed6bd4fe50bd2_page_2.pdf_order_b8d41298"", ""type"": ""order"", ""passed"": true, ""category"": ""multi_column""}, {""id"": ""auto_baseline"", ""type"": ""baseline"", ""passed"": true, ""category"": ""baseline""}]",,
qwen3.5-2b,docs,old_scans__52,9.227765997199821,132.0,False,,,,,,,,,,,,False,,old_scans,4.0,1.0,"[{""id"": ""52_591542"", ""type"": ""present"", ""passed"": false, ""category"": ""old_scans""}, {""id"": ""52_323921"", ""type"": ""present"", ""passed"": false, ""category"": ""old_scans""}, {""id"": ""52_987017"", ""type"": ""present"", ""passed"": false, ""category"": ""old_scans""}, {""id"": ""auto_baseline"", ""type"": ""baseline"", ""passed"": true, ""category"": ""baseline""}]",,
qwen3.5-2b,docs,tables__b5d9db350b31304da912832bcbafc47b64d8_pg2_pg1,9.227765997199821,1611.0,False,,,,,,,,,,,,False,,table_tests,6.0,1.0,"[{""id"": ""b5d9db350b31304da912832bcbafc47b64d8_pg2_table_00"", ""type"": ""table"", ""passed"": false, ""category"": ""table_tests""}, {""id"": ""b5d9db350b31304da912832bcbafc47b64d8_pg2_table_01"", ""type"": ""table"", ""passed"": false, ""category"": ""table_tests""}, {""id"": ""b5d9db350b31304da912832bcbafc47b64d8_pg2_table_02"", ""type"": ""table"", ""passed"": false, ""category"": ""table_tests""}, {""id"": ""b5d9db350b31304da912832bcbafc47b64d8_pg2_table_03"", ""type"": ""table"", ""passed"": false, ""category"": ""table_tests""}, {""id"": ""b5d9db350b31304da912832bcbafc47b64d8_pg2_table_04"", ""type"": ""table"", ""passed"": false, ""category"": ""table_tests""}, {""id"": ""auto_baseline"", ""type"": ""baseline"", ""passed"": true, ""category"": ""baseline""}]",,
qwen3.5-2b,handwriting,iam_00030,0.15550262383324784,15.0,False,,,0.03636363636363636,0.03636363636363636,0.125,2.0,55.0,0.875,0.875,0.125,1.0,False,False,,,,,,
qwen3.5-2b,handwriting,iam_00143,0.15550262383324784,10.0,False,,,0.05128205128205128,0.05128205128205128,0.14285714285714285,2.0,39.0,0.8571428571428571,0.8571428571428571,0.14285714285714285,1.0,False,False,,,,,,
qwen3.5-2b,handwriting,iam_00371,0.15550262383324784,10.0,False,,,0.22727272727272727,0.22727272727272727,0.25,10.0,44.0,0.75,0.8571428571428571,0.14285714285714285,0.8863636363636364,False,False,,,,,,
qwen3.5-2b,handwriting,iam_00478,0.15550262383324784,7.0,False,,,0.0,0.0,0.0,0.0,29.0,1.0,1.0,0.0,1.0,False,False,,,,,,
qwen3.5-2b,handwriting,iam_01805,0.15550262383324784,9.0,False,,,0.0,0.0,0.0,0.0,38.0,1.0,1.0,0.0,1.0,False,False,,,,,,
qwen3.5-2b,handwriting,iam_02384,0.15550262383324784,12.0,False,,,0.1282051282051282,0.1282051282051282,0.2,5.0,39.0,0.9,0.9,0.1,0.9743589743589743,False,False,,,,,,
qwen3.5-2b,stress,syn000_prose__clean,5.297572521818108,506.0,False,,,0.0,0.0,0.0,0.0,2182.0,1.0,1.0,0.0,1.0,False,False,,,,,prose,clean
qwen3.5-2b,stress,syn000_prose__dpi150,5.297572521818108,506.0,False,,,0.0,0.0,0.0,0.0,2182.0,1.0,1.0,0.0,1.0,False,False,,,,,prose,dpi150
qwen3.5-2b,stress,syn000_prose__dpi75,5.297572521818108,506.0,False,,,0.0018306636155606408,0.0,0.0,0.0,2182.0,1.0,1.0,0.0,1.0,False,False,,,,,prose,dpi75
qwen3.5-2b,stress,syn000_prose__blur,5.297572521818108,505.0,False,,,0.0018306636155606408,0.0,0.0,0.0,2182.0,1.0,1.0,0.0,1.0,False,False,,,,,prose,blur
qwen3.5-2b,stress,syn000_prose__noise,5.297572521818108,506.0,False,,,0.0,0.0,0.0,0.0,2182.0,1.0,1.0,0.0,1.0,False,False,,,,,prose,noise
qwen3.5-2b,stress,syn000_prose__rotate3,5.297572521818108,505.0,False,,,0.0,0.0,0.0,0.0,2182.0,1.0,1.0,0.0,1.0,False,False,,,,,prose,rotate3
qwen3.5-2b,stress,syn000_prose__rotate8,5.297572521818108,505.0,False,,,0.0,0.0,0.0,0.0,2182.0,1.0,1.0,0.0,1.0,False,False,,,,,prose,rotate8
qwen3.5-2b,stress,syn000_prose__jpeg_q10,5.297572521818108,505.0,False,,,0.0018306636155606408,0.0,0.0,0.0,2182.0,1.0,1.0,0.0,1.0,False,False,,,,,prose,jpeg_q10
qwen3.5-2b,stress,syn000_prose__low_contrast,5.297572521818108,506.0,False,,,0.0,0.0,0.0,0.0,2182.0,1.0,1.0,0.0,1.0,False,False,,,,,prose,low_contrast
qwen3.5-2b,stress,syn000_prose__photocopy,5.297572521818108,505.0,False,,,0.0,0.0,0.0,0.0,2182.0,1.0,1.0,0.0,1.0,False,False,,,,,prose,photocopy
qwen3.5-2b,stress,syn000_prose__phone_photo,5.297572521818108,505.0,False,,,0.0,0.0,0.0,0.0,2182.0,1.0,1.0,0.0,1.0,False,False,,,,,prose,phone_photo
surya-ocr2,books,birdsofgreatbrit02butl_0308_full,19.400261778249842,2025.0,False,birdsofgreatbrit02butl,en,0.012054794520547946,0.004381161007667032,0.003048780487804878,8.0,1826.0,1.0,0.9970414201183432,0.0029585798816568047,1.0038335158817087,False,False,,,,,,
surya-ocr2,books,conchologiaiconi05reev_0039_full,19.400261778249842,4435.0,False,conchologiaiconi05reev,en,0.020865139949109414,0.01094704684317719,0.07180385288966724,43.0,3928.0,0.935042735042735,0.935042735042735,0.06495726495726496,1.0,False,False,,,,,,
surya-ocr2,books,daschitinskelett00prel_0037_full,19.400261778249842,3967.0,False,daschitinskelett00prel,de,0.02032198469253101,0.01563328033916269,0.12568306010928962,59.0,3774.0,0.9781021897810219,0.8874172185430463,0.11258278145695365,1.0151033386327504,False,False,,,,,,
surya-ocr2,books,histoirenaturell10cuvi_0425_full,19.400261778249842,1646.0,False,histoirenaturell10cuvi,fr,0.01836605446485117,0.0,0.0,0.0,1572.0,1.0,1.0,0.0,1.0,False,False,,,,,,
surya-ocr2,docs,headers_footers__ba10222e40f05d76e2bf1d51c39066a4b1fe82ed_page_11,18.27386061239995,2616.0,False,,,,,,,,,,,,False,,headers_footers,3.0,2.0,"[{""id"": ""ba10222e40f05d76e2bf1d51c39066a4b1fe82ed_page_11_header_00"", ""type"": ""absent"", ""passed"": false, ""category"": ""headers_footers""}, {""id"": ""ba10222e40f05d76e2bf1d51c39066a4b1fe82ed_page_11.pdf_manual_00"", ""type"": ""absent"", ""passed"": true, ""category"": ""headers_footers""}, {""id"": ""auto_baseline"", ""type"": ""baseline"", ""passed"": true, ""category"": ""baseline""}]",,
surya-ocr2,docs,long_tiny_text__17_pg2_pg1,18.27386061239995,5918.0,False,,,,,,,,,,,,False,,long_tiny_text,40.0,39.0,"[{""id"": ""17_pg2_pg1_text_00"", ""type"": ""present"", ""passed"": true, ""category"": ""long_tiny_text""}, {""id"": ""17_pg2_pg1_text_01"", ""type"": ""present"", ""passed"": true, ""category"": ""long_tiny_text""}, {""id"": ""17_pg2_pg1_text_02"", ""type"": ""present"", ""passed"": true, ""category"": ""long_tiny_text""}, {""id"": ""17_pg2_pg1_text_03"", ""type"": ""present"", ""passed"": true, ""category"": ""long_tiny_text""}, {""id"": ""17_pg2_pg1_text_04"", ""type"": ""present"", ""passed"": true, ""category"": ""long_tiny_text""}, {""id"": ""17_pg2_pg1_text_06"", ""type"": ""present"", ""passed"": true, ""category"": ""long_tiny_text""}, {""id"": ""17_pg2_pg1_text_07"", ""type"": ""present"", ""passed"": true, ""category"": ""long_tiny_text""}, {""id"": ""17_pg2_pg1_text_09"", ""type"": ""present"", ""passed"": true, ""category"": ""long_tiny_text""}, {""id"": ""17_pg2_pg1_text_10"", ""type"": ""present"", ""passed"": true, ""category"": ""long_tiny_text""}, {""id"": ""17_pg2_pg1_text_12"", ""type"": ""present"", ""passed"": true, ""category"": ""long_tiny_text""}, {""id"": ""17_pg2_pg1_text_13"", ""type"": ""present"", ""passed"": true, ""category"": ""long_tiny_text""}, {""id"": ""17_pg2_pg1_text_16"", ""type"": ""present"", ""passed"": true, ""category"": ""long_tiny_text""}, {""id"": ""17_pg2_pg1_text_17"", ""type"": ""present"", ""passed"": false, ""category"": ""long_tiny_text""}, {""id"": ""17_pg2_pg1_text_20"", ""type"": ""present"", ""passed"": true, ""category"": ""long_tiny_text""}, {""id"": ""17_pg2_pg1_text_23"", ""type"": ""present"", ""passed"": true, ""category"": ""long_tiny_text""}, {""id"": ""17_pg2_pg1_text_24"", ""type"": ""present"", ""passed"": true, ""category"": ""long_tiny_text""}, {""id"": ""17_pg2_pg1_text_25"", ""type"": ""present"", ""passed"": true, ""category"": ""long_tiny_text""}, {""id"": ""17_pg2_pg1_text_27"", ""type"": ""present"", ""passed"": true, ""category"": ""long_tiny_text""}, {""id"": ""17_pg2_pg1_text_28"", ""type"": ""present"", ""passed"": true, ""category"": ""long_tiny_text""}, {""id"": ""17_pg2_pg1_text_30"", ""type"": ""present"", ""passed"": true, ""category"": ""long_tiny_text""}, {""id"": ""17_pg2_pg1_text_31"", ""type"": ""present"", ""passed"": true, ""category"": ""long_tiny_text""}, {""id"": ""17_pg2_pg1_text_34"", ""type"": ""present"", ""passed"": true, ""category"": ""long_tiny_text""}, {""id"": ""17_pg2_pg1_text_37"", ""type"": ""present"", ""passed"": true, ""category"": ""long_tiny_text""}, {""id"": ""17_pg2_pg1_text_41"", ""type"": ""present"", ""passed"": true, ""category"": ""long_tiny_text""}, {""id"": ""17_pg2_pg1_text_43"", ""type"": ""present"", ""passed"": true, ""category"": ""long_tiny_text""}, {""id"": ""17_pg2_pg1_text_45"", ""type"": ""present"", ""passed"": true, ""category"": ""long_tiny_text""}, {""id"": ""17_pg2_pg1_text_49"", ""type"": ""present"", ""passed"": true, ""category"": ""long_tiny_text""}, {""id"": ""17_pg2_pg1_text_51"", ""type"": ""present"", ""passed"": true, ""category"": ""long_tiny_text""}, {""id"": ""17_pg2_pg1_text_56"", ""type"": ""present"", ""passed"": true, ""category"": ""long_tiny_text""}, {""id"": ""17_pg2_pg1_text_61"", ""type"": ""present"", ""passed"": true, ""category"": ""long_tiny_text""}, {""id"": ""17_pg2_pg1_text_65"", ""type"": ""present"", ""passed"": true, ""category"": ""long_tiny_text""}, {""id"": ""17_pg2_pg1_text_69"", ""type"": ""present"", ""passed"": true, ""category"": ""long_tiny_text""}, {""id"": ""17_pg2_pg1_text_74"", ""type"": ""present"", ""passed"": true, ""category"": ""long_tiny_text""}, {""id"": ""17_pg2_pg1_text_80"", ""type"": ""present"", ""passed"": true, ""category"": ""long_tiny_text""}, {""id"": ""17_pg2_pg1_text_83"", ""type"": ""present"", ""passed"": true, ""category"": ""long_tiny_text""}, {""id"": ""17_pg2_pg1_text_86"", ""type"": ""present"", ""passed"": true, ""category"": ""long_tiny_text""}, {""id"": ""17_pg2_pg1_text_88"", ""type"": ""present"", ""passed"": true, ""category"": ""long_tiny_text""}, {""id"": ""17_pg2_pg1_text_95"", ""type"": ""present"", ""passed"": true, ""category"": ""long_tiny_text""}, {""id"": ""17_pg2_pg1_text_97"", ""type"": ""present"", ""passed"": true, ""category"": ""long_tiny_text""}, {""id"": ""auto_baseline"", ""type"": ""baseline"", ""passed"": true, ""category"": ""baseline""}]",,
surya-ocr2,docs,multi_column__0114396ecb251aa3ebaeaeaed6bd4fe50bd2_page_2_pg1,18.27386061239995,5516.0,False,,,,,,,,,,,,False,,multi_column,6.0,6.0,"[{""id"": ""0114396ecb251aa3ebaeaeaed6bd4fe50bd2_page_2.pdf_order_e5d2d945"", ""type"": ""order"", ""passed"": true, ""category"": ""multi_column""}, {""id"": ""0114396ecb251aa3ebaeaeaed6bd4fe50bd2_page_2.pdf_order_6b2daa2b"", ""type"": ""order"", ""passed"": true, ""category"": ""multi_column""}, {""id"": ""0114396ecb251aa3ebaeaeaed6bd4fe50bd2_page_2.pdf_order_f61eafae"", ""type"": ""order"", ""passed"": true, ""category"": ""multi_column""}, {""id"": ""0114396ecb251aa3ebaeaeaed6bd4fe50bd2_page_2.pdf_order_40a2536e"", ""type"": ""order"", ""passed"": true, ""category"": ""multi_column""}, {""id"": ""0114396ecb251aa3ebaeaeaed6bd4fe50bd2_page_2.pdf_order_b8d41298"", ""type"": ""order"", ""passed"": true, ""category"": ""multi_column""}, {""id"": ""auto_baseline"", ""type"": ""baseline"", ""passed"": true, ""category"": ""baseline""}]",,
surya-ocr2,docs,old_scans__52,18.27386061239995,569.0,False,,,,,,,,,,,,False,,old_scans,4.0,1.0,"[{""id"": ""52_591542"", ""type"": ""present"", ""passed"": false, ""category"": ""old_scans""}, {""id"": ""52_323921"", ""type"": ""present"", ""passed"": false, ""category"": ""old_scans""}, {""id"": ""52_987017"", ""type"": ""present"", ""passed"": false, ""category"": ""old_scans""}, {""id"": ""auto_baseline"", ""type"": ""baseline"", ""passed"": true, ""category"": ""baseline""}]",,
surya-ocr2,docs,tables__b5d9db350b31304da912832bcbafc47b64d8_pg2_pg1,18.27386061239995,6520.0,False,,,,,,,,,,,,False,,table_tests,6.0,1.0,"[{""id"": ""b5d9db350b31304da912832bcbafc47b64d8_pg2_table_00"", ""type"": ""table"", ""passed"": false, ""category"": ""table_tests""}, {""id"": ""b5d9db350b31304da912832bcbafc47b64d8_pg2_table_01"", ""type"": ""table"", ""passed"": false, ""category"": ""table_tests""}, {""id"": ""b5d9db350b31304da912832bcbafc47b64d8_pg2_table_02"", ""type"": ""table"", ""passed"": false, ""category"": ""table_tests""}, {""id"": ""b5d9db350b31304da912832bcbafc47b64d8_pg2_table_03"", ""type"": ""table"", ""passed"": false, ""category"": ""table_tests""}, {""id"": ""b5d9db350b31304da912832bcbafc47b64d8_pg2_table_04"", ""type"": ""table"", ""passed"": false, ""category"": ""table_tests""}, {""id"": ""auto_baseline"", ""type"": ""baseline"", ""passed"": true, ""category"": ""baseline""}]",,
surya-ocr2,handwriting,iam_00030,0.1770474913334207,60.0,False,,,0.23636363636363636,0.23636363636363636,0.25,13.0,55.0,0.75,0.8571428571428571,0.14285714285714285,0.8181818181818182,False,False,,,,,,
surya-ocr2,handwriting,iam_00143,0.1770474913334207,55.0,False,,,0.28205128205128205,0.28205128205128205,0.2857142857142857,11.0,39.0,0.7142857142857143,0.7142857142857143,0.2857142857142857,1.0256410256410255,False,False,,,,,,
surya-ocr2,handwriting,iam_00371,0.1770474913334207,58.0,False,,,0.11363636363636363,0.11363636363636363,0.125,5.0,44.0,0.875,0.875,0.125,0.9772727272727273,False,False,,,,,,
surya-ocr2,handwriting,iam_00478,0.1770474913334207,44.0,False,,,0.0,0.0,0.0,0.0,29.0,1.0,1.0,0.0,1.0,False,False,,,,,,
surya-ocr2,handwriting,iam_01805,0.1770474913334207,53.0,False,,,0.05263157894736842,0.05263157894736842,0.125,2.0,38.0,0.875,0.875,0.125,1.0,False,False,,,,,,
surya-ocr2,handwriting,iam_02384,0.1770474913334207,64.0,False,,,0.28205128205128205,0.28205128205128205,0.3,11.0,39.0,1.0,0.9090909090909091,0.09090909090909091,1.2564102564102564,False,False,,,,,,
surya-ocr2,stress,syn000_prose__clean,8.961658670363745,2282.0,False,,,0.0,0.0,0.0,0.0,2182.0,1.0,1.0,0.0,1.0,False,False,,,,,prose,clean
surya-ocr2,stress,syn000_prose__dpi150,8.961658670363745,2282.0,False,,,0.0,0.0,0.0,0.0,2182.0,1.0,1.0,0.0,1.0,False,False,,,,,prose,dpi150
surya-ocr2,stress,syn000_prose__dpi75,8.961658670363745,2282.0,False,,,0.0,0.0,0.0,0.0,2182.0,1.0,1.0,0.0,1.0,False,False,,,,,prose,dpi75
surya-ocr2,stress,syn000_prose__blur,8.961658670363745,2282.0,False,,,0.0,0.0,0.0,0.0,2182.0,1.0,1.0,0.0,1.0,False,False,,,,,prose,blur
surya-ocr2,stress,syn000_prose__noise,8.961658670363745,2282.0,False,,,0.0,0.0,0.0,0.0,2182.0,1.0,1.0,0.0,1.0,False,False,,,,,prose,noise
surya-ocr2,stress,syn000_prose__rotate3,8.961658670363745,2282.0,False,,,0.0,0.0,0.0,0.0,2182.0,1.0,1.0,0.0,1.0,False,False,,,,,prose,rotate3
surya-ocr2,stress,syn000_prose__rotate8,8.961658670363745,2282.0,False,,,0.0,0.0,0.0,0.0,2182.0,1.0,1.0,0.0,1.0,False,False,,,,,prose,rotate8
surya-ocr2,stress,syn000_prose__jpeg_q10,8.961658670363745,2282.0,False,,,0.0,0.0,0.0,0.0,2182.0,1.0,1.0,0.0,1.0,False,False,,,,,prose,jpeg_q10
surya-ocr2,stress,syn000_prose__low_contrast,8.961658670363745,2282.0,False,,,0.0,0.0,0.0,0.0,2182.0,1.0,1.0,0.0,1.0,False,False,,,,,prose,low_contrast
surya-ocr2,stress,syn000_prose__photocopy,8.961658670363745,2282.0,False,,,0.0,0.0,0.0,0.0,2182.0,1.0,1.0,0.0,1.0,False,False,,,,,prose,photocopy
surya-ocr2,stress,syn000_prose__phone_photo,8.961658670363745,2282.0,False,,,0.0,0.0,0.0,0.0,2182.0,1.0,1.0,0.0,1.0,False,False,,,,,prose,phone_photo
