run_id,hardware,engine,engine_name,family,kind,status,error,load_s,peak_vram_gb,peak_rss_gb,size_b,license,track,n,n_planned,partial,track_error,pages_per_s,latency_p50_s,latency_p95_s,empty_rate,page_error_rate,cer,cer_dip,wer,cer_micro,bow_recall,bow_precision,over_extraction,loop_rate,accuracy,usd_per_hour,usd_per_1k_pages,docs_pass,docs_categories
20261005-140416_TPU-v6e-1_standard,TPU-v6e-1,doctr,docTR,classic,classic,ok,,6.81,0.0,24.34,,Apache-2.0,books,50,50,False,,0.18709273973932453,5.268045950499982,7.888415376100113,0.0,0.0,0.07447013569315089,0.08081673822934117,0.21043640316459755,0.08457182053221239,0.855580642371642,0.8643567225169864,0.13564327748301358,0.0,0.9255298643068491,0.407592,0.6051544285350084,,
20261005-140416_TPU-v6e-1_standard,TPU-v6e-1,doctr,docTR,classic,classic,ok,,6.81,0.0,24.34,,Apache-2.0,docs,50,50,False,,0.11641377617902407,4.4885,9.65931,0.0,0.0,,,,,,,,,0.4449558780187583,0.407592,0.9725653072698835,0.4449558780187583,"{""baseline"": 1.0, ""headers_footers"": 0.5, ""long_tiny_text"": 0.5747, ""multi_column"": 0.4412, ""old_scans"": 0.1538, ""table_tests"": 0.0}"
20261005-140416_TPU-v6e-1_standard,TPU-v6e-1,doctr,docTR,classic,classic,ok,,6.81,0.0,24.34,,Apache-2.0,handwriting,60,60,False,,3.0380146793536813,0.34426839950015165,0.4060055215000375,0.016666666666666666,0.0,0.4632536845460919,0.4632536845460919,0.8578583453583453,0.4428958575300039,0.2566372053872054,0.2687797387797388,0.697886927886928,0.0,0.536746315453908,0.407592,0.037267759359242744,,
20261005-140416_TPU-v6e-1_standard,TPU-v6e-1,doctr,docTR,classic,classic,ok,,6.81,0.0,24.34,,Apache-2.0,stress,55,55,False,,0.26512344343233174,5.4829175739998846,5.7186303726999315,0.0,0.0,0.2253803685120141,0.22519530002897195,0.2804021250241088,0.07230535782578122,0.9901801596370048,0.9911391721532794,0.00886082784672072,0.0,0.7746196314879858,0.407592,0.4270463544612851,,
20261005-140416_TPU-v6e-1_standard,TPU-v6e-1,easyocr,EasyOCR,classic,classic,ok,,10.33,0.0,4.63,,Apache-2.0,books,50,50,False,,0.1332373868686495,7.297895550500016,9.891060366799934,0.0,0.0,0.20013612490836966,0.20040681844177988,0.4580229897343533,0.2625885994688429,0.8264866500206617,0.8006075908364754,0.19939240916352477,0.0,0.7998638750916304,0.407592,0.8497614870788227,,
20261005-140416_TPU-v6e-1_standard,TPU-v6e-1,easyocr,EasyOCR,classic,classic,ok,,10.33,0.0,4.63,,Apache-2.0,docs,50,50,False,,0.12796338196716803,6.940426411999956,15.524434999999999,0.0,0.0,,,,,,,,,0.3841490659441978,0.407592,0.8847843676798822,0.3841490659441978,"{""baseline"": 1.0, ""headers_footers"": 0.5455, ""long_tiny_text"": 0.3103, ""multi_column"": 0.3529, ""old_scans"": 0.0962, ""table_tests"": 0.0}"
20261005-140416_TPU-v6e-1_standard,TPU-v6e-1,easyocr,EasyOCR,classic,classic,ok,,10.33,0.0,4.63,,Apache-2.0,handwriting,60,60,False,,4.142868402187173,0.23875835700005155,0.3330786694999347,0.0,0.0,0.5088403917869714,0.5091737251203047,0.9591317941317942,0.4986449864498645,0.11924963924963926,0.10925796425796427,0.8907420357420357,0.0,0.4911596082130286,0.407592,0.02732889124361927,,
20261005-140416_TPU-v6e-1_standard,TPU-v6e-1,easyocr,EasyOCR,classic,classic,ok,,10.33,0.0,4.63,,Apache-2.0,stress,55,55,False,,0.19551032368292495,4.90615809399992,8.296196373900125,0.0,0.0,0.25834553175758296,0.258388689869693,0.40429817079957026,0.2086381524568524,0.863780391359609,0.8844774309540654,0.11552256904593447,0.0,0.7416544682424171,0.407592,0.5790998545100775,,
20261005-140416_TPU-v6e-1_standard,TPU-v6e-1,qwen2.5-vl-3b,Qwen2.5-VL 3B,vllm,vlm,ok,,273.54,0.0,38.11,3.75,Qwen Research (non-commercial),books,50,50,False,,0.30820483178120384,3.3497196569999232,4.3842634001998935,0.02,0.0,0.14208096415993024,0.15102788279261484,0.23953255196807338,0.17614365865240866,0.8106877391984867,0.8624828212781813,0.11751717872181859,0.06,0.8579190358400698,0.407592,0.3673530987352445,,
20261005-140416_TPU-v6e-1_standard,TPU-v6e-1,qwen2.5-vl-3b,Qwen2.5-VL 3B,vllm,vlm,ok,,273.54,0.0,38.11,3.75,Qwen Research (non-commercial),docs,50,50,False,,0.2177859423552807,3.4707260049999604,16.064442550800162,0.0,0.0,,,,,,,,,0.6301871964583975,0.407592,0.5198682650292499,0.6301871964583975,"{""baseline"": 0.98, ""headers_footers"": 0.7727, ""long_tiny_text"": 0.6897, ""multi_column"": 0.5294, ""old_scans"": 0.1923, ""table_tests"": 0.617}"
20261005-140416_TPU-v6e-1_standard,TPU-v6e-1,qwen2.5-vl-3b,Qwen2.5-VL 3B,vllm,vlm,ok,,273.54,0.0,38.11,3.75,Qwen Research (non-commercial),handwriting,60,60,False,,0.11525906160173702,16.256800000000002,21.14643,0.0,0.0,0.04244129361454165,0.04244129361454165,0.13940776815776817,0.04258614014711576,0.9255459355459354,0.9297925685425685,0.07020743145743145,0.0,0.9575587063854584,0.407592,0.9823088824999918,,
20261005-140416_TPU-v6e-1_standard,TPU-v6e-1,qwen2.5-vl-3b,Qwen2.5-VL 3B,vllm,vlm,ok,,273.54,0.0,38.11,3.75,Qwen Research (non-commercial),stress,55,55,False,,1.6644413601658168,3.184415052499844,18.745758003549987,0.0,0.0,0.07002165700310833,0.07005487315195329,0.07020612860991828,0.022230720832973512,0.9412496861564695,0.9982506299500501,0.0017493700499498898,0.0,0.9299783429968916,0.407592,0.0680228229781076,,
20261005-140416_TPU-v6e-1_standard,TPU-v6e-1,qwen2.5-vl-7b,Qwen2.5-VL 7B,vllm,vlm,partial,,240.78,0.0,42.09,8.29,Apache-2.0,books,50,50,False,,0.25123069771777107,7.47164596499988,9.700986052649387,0.02,0.0,0.09359161354800472,0.10384987455129249,0.17975079707145844,0.09698893715813356,0.8865480679904308,0.8836383063699551,0.09636169363004492,0.02,0.9064083864519953,0.407592,0.45066148774219345,,
20261005-140416_TPU-v6e-1_standard,TPU-v6e-1,qwen2.5-vl-7b,Qwen2.5-VL 7B,vllm,vlm,partial,,240.78,0.0,42.09,8.29,Apache-2.0,docs,50,50,False,,0.15853603606176594,9.519034267999814,23.969304351750544,0.0,0.0,,,,,,,,,0.6715326389788,0.407592,0.7141593975258046,0.6715326389788,"{""baseline"": 0.98, ""headers_footers"": 0.5, ""long_tiny_text"": 0.8161, ""multi_column"": 0.8235, ""old_scans"": 0.25, ""table_tests"": 0.6596}"
20261005-140416_TPU-v6e-1_standard,TPU-v6e-1,qwen2.5-vl-7b,Qwen2.5-VL 7B,vllm,vlm,partial,,240.78,0.0,42.09,8.29,Apache-2.0,handwriting,59,60,True,,0.10481076981293021,16.5687,21.696915,0.0,0.0,0.03389999862831789,0.03389999862831789,0.1205487074131142,0.03403755868544601,0.9318450852349158,0.9352905569007264,0.06470944309927361,0.01694915254237288,0.9661000013716821,0.407592,1.0802325009355325,,
20261005-140416_TPU-v6e-1_standard,TPU-v6e-1,qwen2.5-vl-7b,Qwen2.5-VL 7B,vllm,vlm,partial,,240.78,0.0,42.09,8.29,Apache-2.0,stress,55,55,False,,0.9207676019761452,6.982746575500187,22.261098369000138,0.0,0.0,0.06807114127401707,0.06807114127401707,0.07627239059465372,0.0730702327933974,0.9818466278320613,0.9996451095435867,0.0003548904564132991,0.0,0.931928858725983,0.407592,0.12296262352955079,,
