run_id,hardware,engine,engine_name,family,kind,status,error,load_s,peak_vram_gb,peak_rss_gb,size_b,license,track,n,n_planned,partial,track_error,pages_per_s,latency_p50_s,latency_p95_s,usd_per_hour,empty_rate,page_error_rate,cer,cer_dip,wer,cer_micro,bow_recall,bow_precision,over_extraction,loop_rate,accuracy,usd_per_1k_pages,docs_pass,docs_categories
20261002-155540_T4_smoke,T4,deepseek-ocr2,DeepSeek-OCR 2,vllm,ocr_vlm,error,RuntimeError: Engine core initialization failed. See root cause above. Failed core proc(s): {},,6.88,9.42,3.39,Apache-2.0,books,0,,False,,,,,0.118881,,,,,,,,,,,,,,
20261002-155540_T4_smoke,T4,deepseek-ocr2,DeepSeek-OCR 2,vllm,ocr_vlm,error,RuntimeError: Engine core initialization failed. See root cause above. Failed core proc(s): {},,6.88,9.42,3.39,Apache-2.0,docs,0,,False,,,,,0.118881,,,,,,,,,,,,,,
20261002-155540_T4_smoke,T4,deepseek-ocr2,DeepSeek-OCR 2,vllm,ocr_vlm,error,RuntimeError: Engine core initialization failed. See root cause above. Failed core proc(s): {},,6.88,9.42,3.39,Apache-2.0,handwriting,0,,False,,,,,0.118881,,,,,,,,,,,,,,
20261002-155540_T4_smoke,T4,deepseek-ocr2,DeepSeek-OCR 2,vllm,ocr_vlm,error,RuntimeError: Engine core initialization failed. See root cause above. Failed core proc(s): {},,6.88,9.42,3.39,Apache-2.0,stress,0,,False,,,,,0.118881,,,,,,,,,,,,,,
20261002-155540_T4_smoke,T4,doctr,docTR,classic,classic,ok,,12.38,3.7,9.6,,Apache-2.0,books,4,4.0,False,,0.36115579888188953,2.7924571679999985,3.4804444811999646,0.118881,0.0,0.0,0.015127882608439341,0.023396717230930182,0.07892951061005367,0.017297297297297298,0.945019994228879,0.9439426033265742,0.05605739667342574,0.0,0.9848721173915607,0.09143560785188859,,
20261002-155540_T4_smoke,T4,doctr,docTR,classic,classic,ok,,12.38,3.7,9.6,,Apache-2.0,docs,5,5.0,False,,0.26323733892059753,4.038753730999986,5.465958747799954,0.118881,0.0,0.0,,,,,,,,,0.5576923076923077,0.12544762887897468,0.5576923076923077,"{""baseline"": 1.0, ""headers_footers"": 0.5, ""long_tiny_text"": 0.8462, ""multi_column"": 1.0, ""old_scans"": 0.0, ""table_tests"": 0.0}"
20261002-155540_T4_smoke,T4,doctr,docTR,classic,classic,ok,,12.38,3.7,9.6,,Apache-2.0,handwriting,6,6.0,False,,6.7959035027649985,0.20289516100001492,0.21773049459995947,0.118881,0.0,0.0,0.6297366376313746,0.6297366376313746,0.8386904761904762,0.6147540983606558,0.23630952380952377,0.25066137566137564,0.5826719576719577,0.0,0.37026336236862545,0.004859177295051993,,
20261002-155540_T4_smoke,T4,doctr,docTR,classic,classic,ok,,12.38,3.7,9.6,,Apache-2.0,stress,11,11.0,False,,0.41788853081528354,2.2665014975000304,2.3028310878500178,0.118881,0.0,0.0,0.007416048662611449,0.006490534636987727,0.027109137648983407,0.007416048662611449,0.9878635218685597,0.9867414723627864,0.013258527637213637,0.0,0.9925839513373885,0.07902226925341654,,
20261002-155540_T4_smoke,T4,dots-mocr,dots.mocr,vllm,ocr_vlm,partial,,265.97,13.86,7.98,3.04,MIT,books,4,4.0,False,,0.019377636536129794,60.166829687000245,104.89232025950022,0.118881,0.0,0.0,0.00957935758665055,0.019896700607942616,0.012438382792247037,0.008108108108108109,0.9892712142751982,0.9986800555766073,0.0013199444233926994,0.0,0.9904206424133495,1.7041551965550197,,
20261002-155540_T4_smoke,T4,dots-mocr,dots.mocr,vllm,ocr_vlm,partial,,265.97,13.86,7.98,3.04,MIT,docs,0,5.0,True,,,33.70409872300024,34.59760371280017,0.118881,,,,,,,,,,,,,,
20261002-155540_T4_smoke,T4,dots-mocr,dots.mocr,vllm,ocr_vlm,partial,,265.97,13.86,7.98,3.04,MIT,handwriting,0,6.0,True,,,0.5191146859997389,0.6048418432997096,0.118881,,,,,,,,,,,,,,
20261002-155540_T4_smoke,T4,dots-mocr,dots.mocr,vllm,ocr_vlm,partial,,265.97,13.86,7.98,3.04,MIT,stress,0,11.0,True,,,64.8108723424998,109.37308386965009,0.118881,,,,,,,,,,,,,,
20261002-155540_T4_smoke,T4,easyocr,EasyOCR,classic,classic,ok,,15.77,8.61,1.63,,Apache-2.0,books,4,4.0,False,,0.18830856857061748,5.6743529634999845,6.519198328950023,0.118881,0.0,0.0,0.21849215612293157,0.2226053563490514,0.3900591488234229,0.2951351351351351,0.9234858803086788,0.8927150665420159,0.10728493345798407,0.0,0.7815078438770684,0.17536376730311268,,
20261002-155540_T4_smoke,T4,easyocr,EasyOCR,classic,classic,ok,,15.77,8.61,1.63,,Apache-2.0,docs,5,5.0,False,,0.20252013883266853,6.160420502999955,6.674009588999956,0.118881,0.0,0.0,,,,,,,,,0.34358974358974365,0.1630578578028959,0.34358974358974365,"{""baseline"": 1.0, ""headers_footers"": 0.0, ""long_tiny_text"": 0.4615, ""multi_column"": 0.6, ""old_scans"": 0.0, ""table_tests"": 0.0}"
20261002-155540_T4_smoke,T4,easyocr,EasyOCR,classic,classic,ok,,15.77,8.61,1.63,,Apache-2.0,handwriting,6,6.0,False,,9.72946882744589,0.10577391150002313,0.11613336825007536,0.118881,0.0,0.0,0.5747727166964917,0.5747727166964917,0.9583333333333334,0.5655737704918032,0.0625,0.05787037037037037,0.9421296296296297,0.0,0.42522728330350834,0.0033940701785123892,,
20261002-155540_T4_smoke,T4,easyocr,EasyOCR,classic,classic,ok,,15.77,8.61,1.63,,Apache-2.0,stress,11,11.0,False,,0.28550810822159395,4.347914478000007,4.755100732999949,0.118881,0.0,0.0,0.14569619198400133,0.1458706053671729,0.2610422996027109,0.14569619198400133,0.9209983970689258,0.9490684441897345,0.05093155581026554,0.0,0.8543038080159987,0.11566221430870871,,
20261002-155540_T4_smoke,T4,glm-ocr,GLM-OCR,vllm,ocr_vlm,ok,,114.2,13.04,4.98,1.33,MIT,books,4,4.0,False,,0.05455817991679481,19.640771227499954,30.278826774150183,0.118881,0.0,0.0,0.0132090238839245,0.02346374721117033,0.030101596257590613,0.012612612612612612,0.9757351609275288,0.9828967782245568,0.017103221775443232,0.0,0.9867909761160755,0.6052712911310771,,
20261002-155540_T4_smoke,T4,glm-ocr,GLM-OCR,vllm,ocr_vlm,ok,,114.2,13.04,4.98,1.33,MIT,docs,5,5.0,False,,0.08729801242802471,19.555825032500024,22.72314288335017,0.118881,0.0,0.0,,,,,,,,,0.6623931623931624,0.3782732170131173,0.6623931623931624,"{""baseline"": 1.0, ""headers_footers"": 1.0, ""long_tiny_text"": 0.9744, ""multi_column"": 1.0, ""old_scans"": 0.0, ""table_tests"": 0.0}"
20261002-155540_T4_smoke,T4,glm-ocr,GLM-OCR,vllm,ocr_vlm,ok,,114.2,13.04,4.98,1.33,MIT,handwriting,6,6.0,False,,9.493750576494653,0.21657115450011588,0.2542646030501373,0.118881,0.0,0.0,0.04224941724941725,0.04224941724941725,0.09464285714285714,0.040983606557377046,0.9595238095238097,0.9595238095238097,0.04047619047619048,0.0,0.9577505827505828,0.003478340802607518,,
20261002-155540_T4_smoke,T4,glm-ocr,GLM-OCR,vllm,ocr_vlm,ok,,114.2,13.04,4.98,1.33,MIT,stress,11,11.0,False,,0.09179789870125117,14.124540925500014,19.0207338040497,0.118881,0.0,0.0,0.002333138905091242,0.0024131474932390265,0.0023369946249123625,0.002333138905091242,0.9977100984657661,0.9997710098465766,0.0002289901534234028,0.0,0.9976668610949088,0.35973045643963,,
20261002-155540_T4_smoke,T4,granite-docling,Granite-Docling 258M,vllm,ocr_vlm,ok,,121.87,13.71,6.18,0.26,Apache-2.0,books,4,4.0,False,,0.2186848103945862,7.490534178000189,10.398453483900244,0.118881,0.0,0.0,0.05964815063064058,0.07003699661706586,0.11908911141532766,0.05405405405405406,0.9543175549556996,0.9127559426191095,0.08724405738089044,0.0,0.9403518493693594,0.1510050009436664,,
20261002-155540_T4_smoke,T4,granite-docling,Granite-Docling 258M,vllm,ocr_vlm,ok,,121.87,13.71,6.18,0.26,Apache-2.0,docs,5,5.0,False,,0.23102285854985366,6.980521209500239,8.685789825349957,0.118881,0.0,0.0,,,,,,,,,0.6538461538461539,0.14294040082130613,0.6538461538461539,"{""baseline"": 1.0, ""headers_footers"": 1.0, ""long_tiny_text"": 0.9231, ""multi_column"": 1.0, ""old_scans"": 0.0, ""table_tests"": 0.0}"
20261002-155540_T4_smoke,T4,granite-docling,Granite-Docling 258M,vllm,ocr_vlm,ok,,121.87,13.71,6.18,0.26,Apache-2.0,handwriting,6,6.0,False,,3.3530522161479372,0.5129422884997439,0.5679733802499414,0.118881,0.8333333333333334,0.0,0.8333333333333334,0.8333333333333334,0.8333333333333334,0.8811475409836066,0.16666666666666666,0.16666666666666666,0.0,0.0,0.16666666666666663,0.009848489636089532,,
20261002-155540_T4_smoke,T4,granite-docling,Granite-Docling 258M,vllm,ocr_vlm,ok,,121.87,13.71,6.18,0.26,Apache-2.0,stress,11,11.0,False,,2.4368551255855317,5.01855826100018,5.171159385500141,0.118881,1.0,1.0,1.0,1.0,1.0,1.0,0.0,0.0,0.0,0.0,0.0,0.013551277486003726,,
20261002-155540_T4_smoke,T4,lightonocr2,LightOnOCR-2 1B,vllm,ocr_vlm,partial,,140.55,12.72,4.68,1.0,Apache-2.0,books,4,4.0,False,,0.01789827789368441,83.60809206149997,84.66007769084976,0.118881,0.0,0.0,1.0,1.0,1.0,5.795765765765766,0.0,0.0,1.0,1.0,0.0,1.8450099052072673,,
20261002-155540_T4_smoke,T4,lightonocr2,LightOnOCR-2 1B,vllm,ocr_vlm,partial,,140.55,12.72,4.68,1.0,Apache-2.0,docs,0,5.0,True,,,79.87693832500008,80.4612512335002,0.118881,,,,,,,,,,,,,,
20261002-155540_T4_smoke,T4,lightonocr2,LightOnOCR-2 1B,vllm,ocr_vlm,partial,,140.55,12.72,4.68,1.0,Apache-2.0,handwriting,0,6.0,True,,,0.23095979799995803,0.25945279539980676,0.118881,,,,,,,,,,,,,,
20261002-155540_T4_smoke,T4,lightonocr2,LightOnOCR-2 1B,vllm,ocr_vlm,partial,,140.55,12.72,4.68,1.0,Apache-2.0,stress,0,11.0,True,,,83.81887505650026,83.86530703885012,0.118881,,,,,,,,,,,,,,
20261002-155540_T4_smoke,T4,ocrmypdf,OCRmyPDF (Tesseract + cleanup),classic,classic,error,FileNotFoundError: [Errno 2] No such file or directory: 'ocrmypdf',,0.0,0.02,,MPL-2.0,books,0,,False,,,,,0.118881,,,,,,,,,,,,,,
20261002-155540_T4_smoke,T4,ocrmypdf,OCRmyPDF (Tesseract + cleanup),classic,classic,error,FileNotFoundError: [Errno 2] No such file or directory: 'ocrmypdf',,0.0,0.02,,MPL-2.0,docs,0,,False,,,,,0.118881,,,,,,,,,,,,,,
20261002-155540_T4_smoke,T4,ocrmypdf,OCRmyPDF (Tesseract + cleanup),classic,classic,error,FileNotFoundError: [Errno 2] No such file or directory: 'ocrmypdf',,0.0,0.02,,MPL-2.0,handwriting,0,,False,,,,,0.118881,,,,,,,,,,,,,,
20261002-155540_T4_smoke,T4,ocrmypdf,OCRmyPDF (Tesseract + cleanup),classic,classic,error,FileNotFoundError: [Errno 2] No such file or directory: 'ocrmypdf',,0.0,0.02,,MPL-2.0,stress,0,,False,,,,,0.118881,,,,,,,,,,,,,,
20261002-155540_T4_smoke,T4,ovisocr2,OvisOCR2,vllm,ocr_vlm,partial,,625.08,12.76,6.75,0.85,Apache-2.0,books,0,4.0,True,,,13.40568603849988,20.5961104457499,0.118881,,,,,,,,,,,,,,
20261002-155540_T4_smoke,T4,ovisocr2,OvisOCR2,vllm,ocr_vlm,partial,,625.08,12.76,6.75,0.85,Apache-2.0,docs,0,5.0,True,,,13.328909668000051,14.009132752300093,0.118881,,,,,,,,,,,,,,
20261002-155540_T4_smoke,T4,ovisocr2,OvisOCR2,vllm,ocr_vlm,partial,,625.08,12.76,6.75,0.85,Apache-2.0,handwriting,0,6.0,True,,,0.2303578574999392,0.255986143649875,0.118881,,,,,,,,,,,,,,
20261002-155540_T4_smoke,T4,ovisocr2,OvisOCR2,vllm,ocr_vlm,partial,,625.08,12.76,6.75,0.85,Apache-2.0,stress,0,11.0,True,,,10.092720623500327,13.9248769946503,0.118881,,,,,,,,,,,,,,
20261002-155540_T4_smoke,T4,paddleocr,PaddleOCR 3 (PP-OCRv6),paddle,classic,ok,,12.8,8.81,2.11,,Apache-2.0,books,4,4.0,False,,0.4674859752629639,2.136954863500023,2.476604892849946,0.118881,0.0,0.0,0.19477996741435788,0.2016645339454947,0.26565372112135277,0.2736036036036036,0.969884899129321,0.9525752505887386,0.0474247494112615,0.0,0.8052200325856421,0.07063848275111274,,
20261002-155540_T4_smoke,T4,paddleocr,PaddleOCR 3 (PP-OCRv6),paddle,classic,ok,,12.8,8.81,2.11,,Apache-2.0,docs,5,5.0,False,,0.45884001543095765,2.2935191800000894,2.879592601900197,0.118881,0.0,0.0,,,,,,,,,0.3247863247863248,0.07196952944259706,0.3247863247863248,"{""baseline"": 1.0, ""headers_footers"": 0.0, ""long_tiny_text"": 0.9487, ""multi_column"": 0.0, ""old_scans"": 0.0, ""table_tests"": 0.0}"
20261002-155540_T4_smoke,T4,paddleocr,PaddleOCR 3 (PP-OCRv6),paddle,classic,ok,,12.8,8.81,2.11,,Apache-2.0,handwriting,6,6.0,False,,12.298421038924593,0.0912630849999232,0.09454422129985005,0.118881,0.0,0.0,0.1617132867132867,0.1617132867132867,0.34940476190476194,0.1721311475409836,0.6505952380952381,0.6706349206349206,0.32936507936507936,0.0,0.8382867132867133,0.002685100786148363,,
20261002-155540_T4_smoke,T4,paddleocr,PaddleOCR 3 (PP-OCRv6),paddle,classic,ok,,12.8,8.81,2.11,,Apache-2.0,stress,11,11.0,False,,0.6386077284418108,1.455186332000153,1.71389039870013,0.118881,0.0,0.0,8.332638946754438e-05,8.321198252548368e-05,0.0007010983874737088,8.332638946754438e-05,1.0,1.0,0.0,0.0,0.9999166736105325,0.051710147762499194,,
20261002-155540_T4_smoke,T4,paddleocr-vl,PaddleOCR-VL 1.6,vllm,ocr_vlm,ok,,143.58,12.61,4.75,0.96,Apache-2.0,books,4,4.0,False,,0.3358676633995068,5.237152064500037,6.985621774750155,0.118881,0.0,0.0,0.008197972830299714,0.019317571913441307,0.04031870188911572,0.010810810810810811,0.9618006609749677,0.9593721523186276,0.04062784768137236,0.0,0.9918020271697003,0.09831997419983983,,
20261002-155540_T4_smoke,T4,paddleocr-vl,PaddleOCR-VL 1.6,vllm,ocr_vlm,ok,,143.58,12.61,4.75,0.96,Apache-2.0,docs,5,5.0,False,,0.3045635456549506,5.86212837949995,7.466476439449946,0.118881,0.0,0.0,,,,,,,,,0.4290598290598291,0.10842564867369979,0.4290598290598291,"{""baseline"": 1.0, ""headers_footers"": 0.0, ""long_tiny_text"": 0.9744, ""multi_column"": 0.6, ""old_scans"": 0.0, ""table_tests"": 0.0}"
20261002-155540_T4_smoke,T4,paddleocr-vl,PaddleOCR-VL 1.6,vllm,ocr_vlm,ok,,143.58,12.61,4.75,0.96,Apache-2.0,handwriting,6,6.0,False,,8.45172516994434,0.17591408549992593,0.2018471134499123,0.118881,0.0,0.0,0.08131313131313132,0.08131313131313132,0.16726190476190475,0.0860655737704918,0.8494047619047619,0.8494047619047619,0.1505952380952381,0.0,0.9186868686868687,0.00390719046537779,,
20261002-155540_T4_smoke,T4,paddleocr-vl,PaddleOCR-VL 1.6,vllm,ocr_vlm,ok,,143.58,12.61,4.75,0.96,Apache-2.0,stress,11,11.0,False,,0.7218776422932477,3.560694228999978,3.64090443489996,0.118881,0.0,0.0,0.00012498958420131657,0.0009569377990430622,0.0004673989249824725,0.00012498958420131655,0.9993130295397298,0.9993130295397298,0.0006869704602702084,0.0,0.9998750104157987,0.04574528710308124,,
20261002-155540_T4_smoke,T4,qwen2.5-vl-3b,Qwen2.5-VL 3B,vllm,vlm,ok,,181.32,12.47,8.43,3.75,Qwen Research (non-commercial),books,4,4.0,False,,0.02726878446746789,27.827602518500044,38.15483205275045,0.118881,0.0,0.0,0.28544588774637625,0.2910147944179874,0.34881322074560545,0.19063063063063063,0.6931076834704578,0.8720583100060713,0.1279416899939288,0.25,0.7145541122536238,1.2110000737068565,,
20261002-155540_T4_smoke,T4,qwen2.5-vl-3b,Qwen2.5-VL 3B,vllm,vlm,ok,,181.32,12.47,8.43,3.75,Qwen Research (non-commercial),docs,5,5.0,False,,0.08437432044257905,30.67874719600013,43.26087357760029,0.118881,0.0,0.0,,,,,,,,,0.8290598290598291,0.3913809299652193,0.8290598290598291,"{""baseline"": 1.0, ""headers_footers"": 1.0, ""long_tiny_text"": 0.9744, ""multi_column"": 1.0, ""old_scans"": 0.0, ""table_tests"": 1.0}"
20261002-155540_T4_smoke,T4,qwen2.5-vl-3b,Qwen2.5-VL 3B,vllm,vlm,ok,,181.32,12.47,8.43,3.75,Qwen Research (non-commercial),handwriting,6,6.0,False,,3.9560923986146888,0.7694746464999298,0.9135695519494675,0.118881,0.0,0.0,0.08194611901508453,0.08194611901508453,0.16011904761904763,0.08196721311475409,0.8773809523809524,0.8773809523809524,0.12261904761904763,0.0,0.9180538809849155,0.008347251952852148,,
20261002-155540_T4_smoke,T4,qwen2.5-vl-3b,Qwen2.5-VL 3B,vllm,vlm,ok,,181.32,12.47,8.43,3.75,Qwen Research (non-commercial),stress,11,11.0,False,,0.28763436683830096,18.938642712500496,19.048354887350296,0.118881,0.0,0.0,0.0002499791684026331,0.00041605991262741833,0.0007010983874737088,0.0002499791684026331,0.9993130295397298,0.9993130295397298,0.0006869704602702084,0.0,0.9997500208315974,0.1148072129314235,,
20261002-155540_T4_smoke,T4,qwen3.5-2b,Qwen3.5 2B,vllm,vlm,partial,,657.52,11.81,8.63,2.27,Apache-2.0,books,0,4.0,True,,,16.170711617999586,22.324077820199726,0.118881,,,,,,,,,,,,,,
20261002-155540_T4_smoke,T4,qwen3.5-2b,Qwen3.5 2B,vllm,vlm,partial,,657.52,11.81,8.63,2.27,Apache-2.0,docs,0,5.0,True,,,25.380064782500085,29.769712851650276,0.118881,,,,,,,,,,,,,,
20261002-155540_T4_smoke,T4,qwen3.5-2b,Qwen3.5 2B,vllm,vlm,partial,,657.52,11.81,8.63,2.27,Apache-2.0,handwriting,0,6.0,True,,,0.41949099299927184,0.4841746013991724,0.118881,,,,,,,,,,,,,,
20261002-155540_T4_smoke,T4,qwen3.5-2b,Qwen3.5 2B,vllm,vlm,partial,,657.52,11.81,8.63,2.27,Apache-2.0,stress,0,11.0,True,,,14.502416733500013,16.261701401749768,0.118881,,,,,,,,,,,,,,
20261002-155540_T4_smoke,T4,rapidocr,"RapidOCR (PP-OCRv6, ONNX)",classic,classic,ok,,1.15,0.0,2.1,,Apache-2.0,books,4,4.0,False,,0.3195562376468894,6.0550560530000155,7.1480295575000214,0.118881,0.0,0.0,0.19422267045703961,0.19999895231331366,0.26818919701039984,0.2725225225225225,0.9723606338348991,0.9593169936781265,0.04068300632187352,0.0,0.8057773295429604,0.10333861808853176,,
20261002-155540_T4_smoke,T4,rapidocr,"RapidOCR (PP-OCRv6, ONNX)",classic,classic,ok,,1.15,0.0,2.1,,Apache-2.0,docs,5,5.0,False,,0.2623952459650842,7.329964601499995,8.708037954549981,0.118881,0.0,0.0,,,,,,,,,0.3247863247863248,0.12585022216596928,0.3247863247863248,"{""baseline"": 1.0, ""headers_footers"": 0.0, ""long_tiny_text"": 0.9487, ""multi_column"": 0.0, ""old_scans"": 0.0, ""table_tests"": 0.0}"
20261002-155540_T4_smoke,T4,rapidocr,"RapidOCR (PP-OCRv6, ONNX)",classic,classic,ok,,1.15,0.0,2.1,,Apache-2.0,handwriting,6,6.0,False,,1.0177779496548411,1.8933553904999485,2.041431775349969,0.118881,0.16666666666666666,0.0,0.5068923212298893,0.5068923212298893,0.7583333333333333,0.5450819672131147,0.24166666666666667,0.3958333333333333,0.4375,0.0,0.49310767877011075,0.032445682293666234,,
20261002-155540_T4_smoke,T4,rapidocr,"RapidOCR (PP-OCRv6, ONNX)",classic,classic,ok,,1.15,0.0,2.1,,Apache-2.0,stress,11,11.0,False,,0.4249580357802912,4.726009767999926,5.139800313699936,0.118881,0.0,0.0,0.012623948004332973,0.012648221343873516,0.02056555269922879,0.012623948004332973,0.981222807419281,0.9858134286837071,0.01418657131629285,0.0,0.987376051995667,0.0777076728043638,,
20261002-155540_T4_smoke,T4,surya,Surya 0.17 (classic),surya,classic,ok,,27.59,13.02,4.6,,GPL-3.0 code / OpenRAIL model,books,4,4.0,False,,0.19148619672150677,5.057265406499823,5.109347822849839,0.118881,0.0,0.0,0.19292330555197287,0.1997537872855775,0.24495883941262356,0.2717117117117117,0.9773233794001053,0.974640502380948,0.025359497619052013,0.0,0.8070766944480271,0.17245368368784922,,
20261002-155540_T4_smoke,T4,surya,Surya 0.17 (classic),surya,classic,ok,,27.59,13.02,4.6,,GPL-3.0 code / OpenRAIL model,docs,5,5.0,False,,0.10385078336029688,5.968239388500024,6.339774046349976,0.118881,0.0,0.0,,,,,,,,,0.3247863247863248,0.31798026872298785,0.3247863247863248,"{""baseline"": 1.0, ""headers_footers"": 0.0, ""long_tiny_text"": 0.9487, ""multi_column"": 0.0, ""old_scans"": 0.0, ""table_tests"": 0.0}"
20261002-155540_T4_smoke,T4,surya,Surya 0.17 (classic),surya,classic,ok,,27.59,13.02,4.6,,GPL-3.0 code / OpenRAIL model,handwriting,6,6.0,False,,2.0919707434935497,1.4824842999998964,1.6789605495999012,0.118881,0.0,0.0,0.11886169386169386,0.11886169386169386,0.24642857142857144,0.12704918032786885,0.7702380952380952,0.7702380952380952,0.22976190476190475,0.0,0.8811383061383061,0.015785354600539526,,
20261002-155540_T4_smoke,T4,surya,Surya 0.17 (classic),surya,classic,ok,,27.59,13.02,4.6,,GPL-3.0 code / OpenRAIL model,stress,11,11.0,False,,0.20021897112320577,3.9106074089999083,4.302986105999923,0.118881,0.0,0.0,0.0019998333472210647,0.001997087580611608,0.001635896237438654,0.0019998333472210647,0.9981680787726129,1.0,0.0,0.0,0.9980001666527789,0.16493192335744963,,
20261002-155540_T4_smoke,T4,surya-ocr2,Surya OCR 2 (VLM),vllm,ocr_vlm,partial,,593.09,13.17,5.34,0.69,OpenRAIL,books,0,4.0,True,,,33.462795952999386,46.5201543844993,0.118881,,,,,,,,,,,,,,
20261002-155540_T4_smoke,T4,surya-ocr2,Surya OCR 2 (VLM),vllm,ocr_vlm,partial,,593.09,13.17,5.34,0.69,OpenRAIL,docs,0,5.0,True,,,38.532590748000075,52.244003765700015,0.118881,,,,,,,,,,,,,,
20261002-155540_T4_smoke,T4,surya-ocr2,Surya OCR 2 (VLM),vllm,ocr_vlm,partial,,593.09,13.17,5.34,0.69,OpenRAIL,handwriting,0,6.0,True,,,0.5048667049995856,0.5268340039995565,0.118881,,,,,,,,,,,,,,
20261002-155540_T4_smoke,T4,surya-ocr2,Surya OCR 2 (VLM),vllm,ocr_vlm,partial,,593.09,13.17,5.34,0.69,OpenRAIL,stress,0,11.0,True,,,23.185648796499663,26.738177857749633,0.118881,,,,,,,,,,,,,,
20261002-155540_T4_smoke,T4,tesseract,Tesseract 5,classic,classic,ok,,0.44,0.0,0.91,,Apache-2.0,books,4,4.0,False,,0.46591449385739886,5.561294361499989,7.7952010398499825,0.118881,0.0,0.0,0.011253821862992446,0.019963658434015884,0.045699879835926986,0.014324324324324324,0.9605560501588449,0.9622764085798692,0.037723591420130854,0.0,0.9887461781370076,0.0708767390484038,,
20261002-155540_T4_smoke,T4,tesseract,Tesseract 5,classic,classic,ok,,0.44,0.0,0.91,,Apache-2.0,docs,5,5.0,False,,0.404896579468533,6.926082471000001,11.360030953500008,0.118881,0.0,0.0,,,,,,,,,0.4829059829059829,0.08155786359900918,0.4829059829059829,"{""baseline"": 1.0, ""headers_footers"": 0.0, ""long_tiny_text"": 0.8974, ""multi_column"": 1.0, ""old_scans"": 0.0, ""table_tests"": 0.0}"
20261002-155540_T4_smoke,T4,tesseract,Tesseract 5,classic,classic,ok,,0.44,0.0,0.91,,Apache-2.0,handwriting,6,6.0,False,,7.154917420554446,0.6058094104999725,0.632683305649968,0.118881,0.3333333333333333,0.0,0.7419805340857972,0.7419805340857972,0.9458333333333333,0.7172131147540983,0.11666666666666665,0.13425925925925927,0.5324074074074073,0.0,0.2580194659142028,0.004615357251382649,,
20261002-155540_T4_smoke,T4,tesseract,Tesseract 5,classic,classic,ok,,0.44,0.0,0.91,,Apache-2.0,stress,11,11.0,False,,1.5978842334679864,2.2384732950000057,2.322041234400024,0.118881,0.09090909090909091,0.0,0.14882093158903426,0.14919908466819223,0.18251928020565555,0.14882093158903426,0.8921456377375775,0.8847417494576859,0.02434915963322327,0.0,0.8511790684109657,0.020666390786226882,,
