engine,hardware,run_id,started,profile_rank,pages,pages_per_s,latency_p50_s,peak_vram_gb,load_s,usd_per_hour,usd_per_1k_pages
deepseek-ocr2,T4,20261002-182556_T4_smoke,1790965556.9322836,1,4,0.006165428194984,274.3277995545004,12.42,401.4,0.118881,5.3560756780633785
granite-docling,T4,20261002-182556_T4_smoke,1790965556.9322836,1,26,0.33298077843778606,6.163719595000202,8.44,95.46,0.118881,0.09917239113599437
lightonocr2,T4,20261002-182556_T4_smoke,1790965556.9322836,1,26,0.08263197679865644,21.23403666624972,13.02,125.92,0.118881,0.3996334261791124
ocrmypdf,T4,20261002-182556_T4_smoke,1790965556.9322836,1,26,0.2887146779357421,12.182512363000114,0.0,0.85,0.118881,0.11437762789237083
ovisocr2,T4,20261002-182556_T4_smoke,1790965556.9322836,1,26,0.20371660118875806,11.970446958249795,12.02,201.59,0.118881,0.16210019118374294
qwen3.5-2b,T4,20261002-182556_T4_smoke,1790965556.9322836,1,26,0.18505182948092022,15.033343722750033,12.02,238.23,0.118881,0.17845000556130564
surya-ocr2,T4,20261002-182556_T4_smoke,1790965556.9322836,1,26,0.09679429199551837,28.506103788249675,12.84,162.85,0.118881,0.34116164620046974
doctr,T4,20261002-155540_T4_smoke,1790956541.3091528,1,26,0.453946180574384,2.5294793327500145,3.7,12.38,0.118881,0.07274540774462779
dots-mocr,T4,20261002-155540_T4_smoke,1790956541.3091528,1,4,0.0193776365361297,60.166829687000245,13.86,265.97,0.118881,1.704155196555028
easyocr,T4,20261002-155540_T4_smoke,1790956541.3091528,1,26,0.30561226507814954,5.011133720749996,8.61,15.77,0.118881,0.10805358218053081
glm-ocr,T4,20261002-155540_T4_smoke,1790956541.3091528,1,26,0.10356430620738548,16.84018297900002,13.04,114.2,0.118881,0.3188598582785182
paddleocr,T4,20261002-155540_T4_smoke,1790956541.3091528,1,26,0.6995586610301213,1.796070597750088,8.81,12.8,0.118881,0.047204761858531445
paddleocr-vl,T4,20261002-155540_T4_smoke,1790956541.3091528,1,26,0.5872475826518836,4.398923146750008,12.61,143.58,0.118881,0.05623267081130841
qwen2.5-vl-3b,T4,20261002-155540_T4_smoke,1790956541.3091528,1,26,0.10581698165533555,23.38312261550027,12.47,181.32,0.118881,0.31207183840831965
rapidocr,T4,20261002-155540_T4_smoke,1790956541.3091528,1,26,0.4104009093762346,5.390532910499971,0.0,1.15,0.118881,0.08046400299207587
surya,T4,20261002-155540_T4_smoke,1790956541.3091528,1,26,0.20497749424421288,4.483936407749866,13.02,27.59,0.118881,0.1611030524192893
tesseract,T4,20261002-155540_T4_smoke,1790956541.3091528,1,26,0.9072894630212242,3.8998838282499975,0.0,0.44,0.118881,0.036396873705594336
