rank,engine,name,kind,size_b,license,books_acc,books_cer,docs_acc,docs_cer,handwriting_acc,handwriting_cer,stress_acc,stress_cer,overall,loop_rate,empty_rate,over_extraction,best_pps,best_pps_hw,min_usd_1k,min_usd_hw,cpu_ok
1.0,dots-mocr,dots.mocr,ocr_vlm,3.04,MIT,0.9746857886478176,0.0253142113521823,0.8515545397639395,,0.9803753891112048,0.019624610888795,0.9912889397378226,0.0087110602621773,0.9494761643151961,0.0,0.0,0.0288234833625107,0.6339242628257684,A100-40GB,0.23638470522019708,A100-40GB,False
2.0,olmocr2,olmOCR 2 7B (FP8),ocr_vlm,8.3,Apache-2.0,0.9681315219172032,0.0318684780827968,0.8006860562078292,,0.9753990628903046,0.0246009371096953,1.0,0.0,0.9360541602538343,0.0,0.0,0.040071957236072535,1.1926783390024265,A100-40GB,0.12564158759296049,A100-40GB,False
3.0,qwen3.5-9b,Qwen3.5 9B,vlm,9.65,Apache-2.0,0.9683383536900056,0.0316616463099943,0.7311651252568779,,0.9728313839083156,0.0271686160916844,0.999982313406438,1.7686593562079942e-05,0.9180792940654092,0.0,0.0,0.040431782381224614,0.8468823363790816,A100-40GB,0.17694311660896908,A100-40GB,False
4.0,glm-ocr,GLM-OCR,ocr_vlm,1.33,MIT,0.967703238066373,0.032296761933627,0.7323384354964779,,0.9678435547317572,0.0321564452682427,0.9977150023594954,0.0022849976405046,0.9164000576635258,0.0,0.0,0.036353785381302565,1.5002756657552452,A100-40GB,0.09988164403410815,A100-40GB,False
5.0,chandra-ocr2,Chandra OCR 2,ocr_vlm,5.3,OpenRAIL-M (modified),0.9804924913583224,0.0195075086416777,0.7028239037107881,,0.978268130200288,0.021731869799712,1.0,0.0,0.9153961313173495,0.0,0.0,0.034757698461160766,0.799673416985817,A100-40GB,0.18738899757956787,A100-40GB,False
6.0,ovisocr2,OvisOCR2,ocr_vlm,0.85,Apache-2.0,0.9732801606428676,0.0267198393571324,0.6761258733210743,,0.9535997771037926,0.0464002228962074,0.9951700308334094,0.0048299691665906,0.899543960475286,0.0,0.0,0.06298152095654093,2.046508251919683,A100-40GB,0.07322227988058999,A100-40GB,False
7.0,qwen3.5-2b,Qwen3.5 2B,vlm,2.27,Apache-2.0,0.9552589322088768,0.0447410677911232,0.6960964692858008,,0.96883340277984,0.0311665972201598,0.974631668039214,0.0253683319607858,0.8987051180784329,0.0127272727272727,0.0,0.05456682305553793,1.0291447440790606,A100-40GB,0.1456063404706931,A100-40GB,False
8.0,lightonocr2,LightOnOCR-2 1B,ocr_vlm,1.0,Apache-2.0,0.8970517486187379,0.1029482513812621,0.7229551979293035,,0.9663629758445876,0.0336370241554122,0.99440934937488,0.0055906506251201,0.8951948179418772,0.02,0.0,0.06521933551866287,1.680115451066497,A100-40GB,0.08919029933620265,A100-40GB,False
9.0,qwen2.5-vl-7b,Qwen2.5-VL 7B,vlm,8.29,Apache-2.0,0.9283360386917696,0.0716639613082304,0.6969338510141668,,0.9661346587996988,0.0338653412003011,0.9227235563860796,0.0772764436139203,0.8785320262229288,0.006666666666666667,0.005,0.05379705168197433,0.6772277789733199,A100-40GB,0.2212697184796129,A100-40GB,False
10.0,surya-ocr2,Surya OCR 2 (VLM),ocr_vlm,0.69,OpenRAIL,0.9442222730857708,0.0557777269142291,0.6995352912639609,,0.8699581570726729,0.1300418429273271,0.9952116940281432,0.0047883059718568,0.877231853862637,0.01888888888888887,0.00416666666666665,0.06260919635287336,0.9234563552651371,A100-40GB,0.16227079833889496,A100-40GB,False
11.0,gemma4-e4b,Gemma 4 E4B,vlm,8.0,Apache-2.0,0.9618500751036074,0.0381499248963926,0.630493639616034,,0.8914484959013873,0.1085515040986126,0.9764448311324828,0.0235551688675171,0.8650592604383778,0.006666666666666667,0.0,0.06967951904109797,0.8750658074024689,A100-40GB,0.17124426383978172,A100-40GB,False
12.0,paddleocr-vl,PaddleOCR-VL 1.6,ocr_vlm,0.96,Apache-2.0,0.9705141661876372,0.0294858338123628,0.4970702894130885,,0.9580049628450624,0.0419950371549376,0.9989673123908198,0.0010326876091802,0.8561391827091519,0.0,0.0,0.0628232202695716,2.693491162492454,A100-40GB,0.05563411608201994,A100-40GB,False
13.0,deepseek-ocr2,DeepSeek-OCR 2,ocr_vlm,3.39,Apache-2.0,0.8455842930860177,0.1544157069139823,0.7892824301751409,,0.748279135125381,0.251720864874619,0.9869106716144525,0.0130893283855474,0.842514132500248,0.02,0.0125,0.16165225072440273,1.657731040469642,A100-40GB,0.09039463962594735,A100-40GB,False
14.0,qwen2.5-vl-3b,Qwen2.5-VL 3B,vlm,3.75,Qwen Research (non-commercial),0.8361640445016307,0.1638359554983692,0.6302573745072989,,0.9572642535286292,0.0427357464713706,0.9174816108689312,0.0825183891310686,0.8352918208516225,0.03333333333333333,0.005,0.07371477218692077,0.8307223973480027,A100-40GB,0.18038516895461226,A100-40GB,False
15.0,surya,Surya 0.17 (classic),classic,,GPL-3.0 code / OpenRAIL model,0.8390937707086443,0.1609062292913557,0.3264953718807674,,0.9522496656152972,0.0477503343847027,0.796289226816451,0.203710773183549,0.72853200875529,0.0,0.0,0.05485773144351397,0.6609546175147578,A100-40GB,0.1611030524192893,T4,False
16.0,paddleocr,PaddleOCR 3 (PP-OCRv6),classic,,Apache-2.0,0.8426838494785821,0.1573161505214179,0.3412708454493444,,0.8589543058853049,0.1410456941146951,0.8349241319695841,0.1650758680304158,0.7194582831957038,0.0,0.0,0.12639626918124117,1.3915753741685044,A100-40GB,0.047204761858531445,T4,False
17.0,tesseract,Tesseract 5,classic,,Apache-2.0,0.9569035866583362,0.0430964133416637,0.5069871440256836,,0.4393058457310775,0.5606941542689224,0.81019176156361,0.18980823843639,0.6783470844946767,0.0,0.05689393939393937,0.2880272629939541,0.9072894630212242,T4,0.036396873705594336,T4,True
18.0,doctr,docTR,classic,,Apache-2.0,0.9255740042943535,0.0744259957056464,0.4481610062238865,,0.5372455359473236,0.4627544640526764,0.7746756905510076,0.2253243094489924,0.6714140592541428,0.0,0.00416666666666665,0.2813185769067303,1.029686339476994,A100-40GB,0.07274540774462779,T4,True
19.0,rapidocr,"RapidOCR (PP-OCRv6, ONNX)",classic,,Apache-2.0,0.8370199045584872,0.1629800954415128,0.3343582178470616,,0.6421868716114375,0.3578131283885625,0.8333238361832763,0.1666761638167236,0.6617222075500657,0.0,0.025,0.18136164771845284,0.6267796062257873,A100-40GB,0.08046400299207587,T4,True
20.0,granite-docling,Granite-Docling 258M,ocr_vlm,0.26,Apache-2.0,0.9169724745325754,0.0830275254674246,0.6854612744201022,,0.0469444444444443,0.9530555555555555,0.8279517874296252,0.1720482125703748,0.6193324952066868,0.025454545454545435,0.24787878787878784,0.0600876216295801,0.7407478033735525,A100-40GB,0.09917239113599437,T4,False
21.0,easyocr,EasyOCR,classic,,Apache-2.0,0.7996157094453009,0.200384290554699,0.3660112988206295,,0.4962326948157879,0.5037673051842121,0.7237634827546429,0.2762365172453571,0.5964057964590903,0.0,0.0,0.3999261119413089,0.49298671572403124,A100-40GB,0.10805358218053081,T4,True
,ocrmypdf,OCRmyPDF (Tesseract + cleanup),classic,,MPL-2.0,0.9566286956350716,0.0433713043649283,0.4830804771068462,,,,0.7842437054127841,0.2157562945872159,,0.0,0.050303030303030294,0.08937857348723294,0.2887146779357421,T4,0.11437762789237083,T4,True
